task_id,priority,execution,who,status,topic,subtopic,zone,owner,what,ceiling_pp,expected_lo_pp,expected_hi_pp,basis,demand,top_domain,cycle_opened,cycle_done,score
c66030d94d01,3,manual,Digital,open,Side effects & tolerability,,LIVING ON THE DRUG,earned,"Enter the comparison with owned, med-reviewed comparative content.",37.7,3.77,8.29,prior,247764.0,drugs.com,1,,0.061517
201897a136b5,3,manual,Digital,open,Side effects & tolerability,,,earned,Strengthen owned + directory presence for this topic so alternatives are less prominent in the retrieved set.,45.24,4.52,9.95,prior,160011.0,goodrx.com,1,,0.047676
92361d73f3e1,3,manual,Digital,open,Side effects & tolerability,,WEIGHT LOSS,earned,Strengthen owned + directory presence for this topic so alternatives are less prominent in the retrieved set.,35.65,3.56,7.84,prior,160011.0,drugs.com,1,,0.037563
6355fdf7a080,3,manual,Digital,open,Side effects & tolerability,,LIVING ON THE DRUG,commerce,"Enter the comparison with owned, med-reviewed comparative content.",20.92,2.09,4.6,prior,247764.0,plexusdx.com,1,,0.034129
34099e60975f,3,manual,Digital,open,"Price, coverage & supply",Coupons & savings,,earned,Prioritize by volume — capture this high-traffic topic ahead of low-volume ones. Biggest reach-per-effort.,36.88,3.69,8.11,prior,121227.0,goodrx.com,1,,0.029444
86841439d508,3,manual,Digital,open,Basics & mechanism,,STARTING & SWITCHING,earned,Protect the position.,38.48,3.85,8.47,prior,89149.0,drugs.com,1,,0.022591
430d3f3c8dfa,3,manual,Digital,open,Side effects & tolerability,,,commerce,Strengthen owned + directory presence for this topic so alternatives are less prominent in the retrieved set.,21.08,2.11,4.64,prior,160011.0,doctronic.ai,1,,0.022213
8881059bcdd0,3,manual,Digital,open,"Price, coverage & supply",Coupons & savings,,commerce,Prioritize by volume — capture this high-traffic topic ahead of low-volume ones. Biggest reach-per-effort.,24.95,2.5,5.49,prior,121227.0,doctronic.ai,1,,0.019918
17d5301d1b3e,3,manual,Digital,open,Basics & mechanism,,,earned,Prioritize by volume — capture this high-traffic topic ahead of low-volume ones. Biggest reach-per-effort.,32.15,3.21,7.07,prior,89149.0,drugs.com,1,,0.018871
9ab8785d8492,3,manual,Digital,open,Side effects & tolerability,,WEIGHT LOSS,commerce,Strengthen owned + directory presence for this topic so alternatives are less prominent in the retrieved set.,16.94,1.69,3.73,prior,160011.0,plexusdx.com,1,,0.017845
5667676fa590,3,manual,Digital,open,Indications & eligibility,Weight loss without diabetes,,earned,Strengthen owned + directory presence for this topic so alternatives are less prominent in the retrieved set.,34.49,3.45,7.59,prior,66818.0,drugs.com,1,,0.015177
ae7e55e7ce16,3,manual,Digital,open,"Price, coverage & supply",Cost & price,,earned,"Enter the comparison with owned, med-reviewed comparative content.",32.56,3.26,7.16,prior,70316.0,goodrx.com,1,,0.015081
b07312188d12,3,manual,Marketing + Medical,open,Efficacy & results,,WEIGHT LOSS,earned,"If this is a real clinical edge (e.g. weight, A1c), do not fight it head-on — reframe toward an axis we win (convenience / cardiovascular) in comparative content.",41.06,4.11,9.03,prior,54976.0,drugs.com,1,,0.014865
2adbb2a28098,3,manual,Digital,open,Basics & mechanism,,,commerce,Prioritize by volume — capture this high-traffic topic ahead of low-volume ones. Biggest reach-per-effort.,23.44,2.34,5.16,prior,89149.0,peakwellnessva.com,1,,0.01376
ea76ce521b93,3,manual,Digital,open,"Price, coverage & supply",Cost & price,,commerce,"Enter the comparison with owned, med-reviewed comparative content.",26.05,2.61,5.73,prior,70316.0,doctronic.ai,1,,0.012062
69a9ac14c441,3,auto,Digital,open,"Price, coverage & supply",Coupons & savings,,owned,Prioritize by volume — capture this high-traffic topic ahead of low-volume ones. Biggest reach-per-effort.,12.48,0.62,1.25,prior,121227.0,novocare.com,1,,0.009959
2bf90bd40718,3,manual,Marketing + Medical,open,Efficacy & results,,WEIGHT LOSS,commerce,"If this is a real clinical edge (e.g. weight, A1c), do not fight it head-on — reframe toward an axis we win (convenience / cardiovascular) in comparative content.",23.23,2.32,5.11,prior,54976.0,weightwatchers.com,1,,0.008409
fe7537367e33,3,manual,Digital,open,Reputation & narratives,Body-change memes,,earned,Protect the position.,3.91,0.39,0.86,prior,257805.0,clevelandclinic.org,1,,0.006645
ba48cfc5deba,3,manual,Digital,open,Indications & eligibility,Weight loss without diabetes,,commerce,Strengthen owned + directory presence for this topic so alternatives are less prominent in the retrieved set.,14.27,1.43,3.14,prior,66818.0,doctronic.ai,1,,0.006278
17e168b911f2,3,citere,Citere,open,Reputation & narratives,Lawsuits & cover-up,,earned,Run forensics on the cited domains first — whois dates + copied-text across sites — BEFORE naming any actor.,22.21,2.22,4.89,prior,40650.0,clevelandclinic.org,1,,0.005947
f64f063a1203,3,auto,Digital,open,Side effects & tolerability,,LIVING ON THE DRUG,owned,"Enter the comparison with owned, med-reviewed comparative content.",3.06,0.15,0.31,prior,247764.0,ozempic.com,1,,0.00498
4c8a13d384d3,3,citere,Citere,open,Dosing & administration,Titration & dose schedule,,earned,Maintain — keep the supportive sources live.,31.93,3.19,7.02,prior,23610.0,drugs.com,1,,0.004964
3ed93a81c621,3,manual,Digital,open,Basics & mechanism,,STARTING & SWITCHING,commerce,Protect the position.,7.72,0.77,1.7,prior,89149.0,doctronic.ai,1,,0.004531
ca62bc10cb18,3,manual,Digital,open,"Price, coverage & supply",Coupons & savings,,comp_owned,Competitor feeds answers with its own domains — build comparable owned content: Prioritize by volume — capture this high-traffic topic ahead of low-volume ones. Biggest reach-per-effort.,4.34,0.43,0.95,prior,121227.0,lilly.com,1,,0.003464
f547c3b64b8a,3,citere,Citere,open,Dosing & administration,Titration & dose schedule,,commerce,Maintain — keep the supportive sources live.,20.82,2.08,4.58,prior,23610.0,plexusdx.com,1,,0.003238
aabe99d14417,3,auto,Digital,open,Basics & mechanism,,,owned,Prioritize by volume — capture this high-traffic topic ahead of low-volume ones. Biggest reach-per-effort.,5.36,0.27,0.54,prior,89149.0,wegovy.com,1,,0.003145
901c7527dd5b,3,citere,Citere,open,Reputation & narratives,Other narratives,,earned,Monitor the narrative for drift next cycle.,13.76,1.38,3.03,prior,31005.0,goodrx.com,1,,0.00281
b6b74daa2680,3,manual,Digital,open,Reputation & narratives,Body-change memes,,commerce,Protect the position.,1.39,0.14,0.31,prior,257805.0,weightwatchers.com,1,,0.002364
80fedb4f48cb,3,manual,Digital,open,"Price, coverage & supply",Insurance & coverage,,earned,Prioritize by volume — capture this high-traffic topic ahead of low-volume ones. Biggest reach-per-effort.,42.18,4.22,9.28,prior,8198.0,goodrx.com,1,,0.002277
cc27483b5dab,3,auto,Digital,open,"Price, coverage & supply",Cost & price,,owned,"Enter the comparison with owned, med-reviewed comparative content.",4.83,0.24,0.48,prior,70316.0,novocare.com,1,,0.002237
f3928e5a1092,3,manual,Digital,open,Side effects & tolerability,,,ugc,Strengthen owned + directory presence for this topic so alternatives are less prominent in the retrieved set.,2.06,0.1,0.31,prior,160011.0,reddit.com,1,,0.002167
ad3ef32cf208,3,manual,Digital,open,Side effects & tolerability,,,comp_owned,Competitor feeds answers with its own domains — build comparable owned content: Strengthen owned + directory presence for this topic so alternatives are less prominent in the retrieved set.,2.06,0.21,0.45,prior,160011.0,lilly.com,1,,0.002167
ae1332bd2042,3,manual,Digital,open,Side effects & tolerability,GI & nausea,,earned,"Enter the comparison with owned, med-reviewed comparative content.",30.95,3.1,6.81,prior,9872.0,drugs.com,1,,0.002012
ba1f3c5ebea7,3,citere,Citere,open,Reputation & narratives,Other narratives,,commerce,Monitor the narrative for drift next cycle.,9.83,0.98,2.16,prior,31005.0,endoslimclinic.com,1,,0.002007
137d363be3dc,3,manual,Medical + Digital,open,Dosing & administration,Pen & device,,earned,"Publish owned + Medical content that carries the message verbatim, tied to this patient need.",26.1,2.61,5.74,prior,11511.0,drugs.com,1,,0.001978
b1015f7fc8fd,3,auto,Digital,open,Basics & mechanism,,STARTING & SWITCHING,owned,Protect the position.,3.35,0.17,0.34,prior,89149.0,ozempic.com,1,,0.00197
d45380fcc149,3,manual,Digital,open,Side effects & tolerability,,LIVING ON THE DRUG,ugc,"Enter the comparison with owned, med-reviewed comparative content.",1.19,0.06,0.18,prior,247764.0,reddit.com,1,,0.001943
f8bf481cb853,3,manual,Digital,open,Side effects & tolerability,GI & nausea,,commerce,"Enter the comparison with owned, med-reviewed comparative content.",27.51,2.75,6.05,prior,9872.0,doctronic.ai,1,,0.001788
86836e3b5fc2,3,manual,Digital,open,Side effects & tolerability,,LIVING ON THE DRUG,comp_owned,"Competitor feeds answers with its own domains — build comparable owned content: Enter the comparison with owned, med-reviewed comparative content.",1.08,0.11,0.24,prior,247764.0,lilly.com,1,,0.001761
aedb9425dd22,3,citere,Citere,open,Dosing & administration,Site & volume,,commerce,No action — keep this target in the monitoring set for the next cycle.,19.0,1.9,4.18,prior,12920.0,faynutrition.com,1,,0.001617
aa60b4ae9f6c,3,manual,Medical + Digital,open,Dosing & administration,Pen & device,,commerce,"Publish owned + Medical content that carries the message verbatim, tied to this patient need.",21.07,2.11,4.64,prior,11511.0,plexusdx.com,1,,0.001597
45e27541d1be,3,manual,Digital,open,Basics & mechanism,,,comp_owned,Competitor feeds answers with its own domains — build comparable owned content: Prioritize by volume — capture this high-traffic topic ahead of low-volume ones. Biggest reach-per-effort.,2.68,0.27,0.59,prior,89149.0,lilly.com,1,,0.001573
84a41ac6b391,3,manual,Digital,open,Side effects & tolerability,,WEIGHT LOSS,ugc,Strengthen owned + directory presence for this topic so alternatives are less prominent in the retrieved set.,1.47,0.07,0.22,prior,160011.0,reddit.com,1,,0.001548
49d8b0175988,3,manual,Marketing + Medical,open,Efficacy & results,,,earned,"If this is a real clinical edge (e.g. weight, A1c), do not fight it head-on — reframe toward an axis we win (convenience / cardiovascular) in comparative content.",36.86,3.69,8.11,prior,5600.0,drugs.com,1,,0.001359
6b457606842b,3,manual,PR/Comms,open,Efficacy & results,,STARTING & SWITCHING,earned,"Build category visibility: directories, health-media placements, source share for this situation.",36.2,3.62,7.96,prior,5600.0,drugs.com,1,,0.001335
0dc1ffa522de,3,manual,Digital,open,"Price, coverage & supply",Coupons & savings,,ugc,Prioritize by volume — capture this high-traffic topic ahead of low-volume ones. Biggest reach-per-effort.,1.49,0.07,0.22,prior,121227.0,reddit.com,1,,0.001191
4b9ba2bf764d,3,manual,PR/Comms,open,Efficacy & results,,LIVING ON THE DRUG,earned,"Build category visibility: directories, health-media placements, source share for this situation.",59.4,5.94,13.07,prior,3041.0,diabetes.org,1,,0.00119
341301351b06,3,citere,Citere,open,Indications & eligibility,Cosmetic & small-weight,,commerce,No action — legitimate competitor advantage is not a fix target.,24.32,2.43,5.35,prior,7305.0,4allfamily.com,1,,0.00117
fa6ced5a74b0,3,manual,Digital,open,"Price, coverage & supply",Insurance & coverage,,commerce,Prioritize by volume — capture this high-traffic topic ahead of low-volume ones. Biggest reach-per-effort.,21.42,2.14,4.71,prior,8198.0,doctronic.ai,1,,0.001156
02d798dfecbb,3,auto,Digital,open,Side effects & tolerability,,WEIGHT LOSS,owned,Strengthen owned + directory presence for this topic so alternatives are less prominent in the retrieved set.,1.08,0.05,0.11,prior,160011.0,ozempic.com,1,,0.001141
04d3c7da4175,3,citere,Citere,open,Reputation & narratives,Lawsuits & cover-up,,commerce,Run forensics on the cited domains first — whois dates + copied-text across sites — BEFORE naming any actor.,4.22,0.42,0.93,prior,40650.0,doctronic.ai,1,,0.001131
29bdba5d4f09,3,citere,Citere,open,Dosing & administration,Site & volume,,earned,No action — keep this target in the monitoring set for the next cycle.,13.18,1.32,2.9,prior,12920.0,goodrx.com,1,,0.001121
cb3ef1bd5af3,3,manual,Digital,open,Dosing & administration,"Timing, food & storage",,earned,Protect the win: keep the supporting sources fresh and citable.,15.94,1.59,3.51,prior,10583.0,goodrx.com,1,,0.001111
93b1a14c6d98,3,citere,Citere,open,Indications & eligibility,Cosmetic & small-weight,,earned,No action — legitimate competitor advantage is not a fix target.,20.27,2.03,4.46,prior,7305.0,healthline.com,1,,0.000975
14759d7ff1cf,3,manual,Digital,open,Dosing & administration,"Timing, food & storage",,commerce,Protect the win: keep the supporting sources fresh and citable.,12.51,1.25,2.75,prior,10583.0,plexusdx.com,1,,0.000872
41cda8f97563,3,manual,Digital,open,Basics & mechanism,,STARTING & SWITCHING,comp_owned,Competitor feeds answers with its own domains — build comparable owned content: Protect the position.,1.34,0.13,0.29,prior,89149.0,lilly.com,1,,0.000788
3cdf4e640277,3,manual,Medical + Digital,open,Serious risks & contraindications,Thyroid / MTC,,earned,"Publish an owned FAQ / med-reviewed page that states the missing fact plainly, so models have a citable source to complete the answer.",24.8,2.48,5.46,prior,4600.0,drugs.com,1,,0.000751
4813fdd9c383,3,manual,Digital,open,"Price, coverage & supply",Cost & price,,ugc,"Enter the comparison with owned, med-reviewed comparative content.",1.52,0.08,0.23,prior,70316.0,reddit.com,1,,0.000704
6d47121d39a2,3,manual,PR/Comms,open,Efficacy & results,,STARTING & SWITCHING,commerce,"Build category visibility: directories, health-media placements, source share for this situation.",16.9,1.69,3.72,prior,5600.0,doctronic.ai,1,,0.000623
3eef6759d371,3,citere,Citere,open,Lifestyle & daily living,,,earned,Maintain — keep the supportive sources live.,23.06,2.31,5.07,prior,4065.0,healthline.com,1,,0.000617
6114ace75ed6,3,auto,Marketing + Medical,open,Efficacy & results,,WEIGHT LOSS,owned,"If this is a real clinical edge (e.g. weight, A1c), do not fight it head-on — reframe toward an axis we win (convenience / cardiovascular) in comparative content.",1.65,0.08,0.17,prior,54976.0,ozempic.com,1,,0.0006
7120ba03c781,3,manual,Digital,open,"Price, coverage & supply",Cost & price,,comp_owned,"Competitor feeds answers with its own domains — build comparable owned content: Enter the comparison with owned, med-reviewed comparative content.",1.28,0.13,0.28,prior,70316.0,lilly.com,1,,0.000594
cb18edc53b0f,3,citere,Citere,open,Dosing & administration,Titration & dose schedule,,owned,Maintain — keep the supportive sources live.,3.69,0.18,0.37,prior,23610.0,ozempic.com,1,,0.000574
8ac255d0851b,2,auto,Digital,open,Side effects & tolerability,,,owned,Strengthen owned + directory presence for this topic so alternatives are less prominent in the retrieved set.,0.51,0.03,0.05,prior,160011.0,novomedlink.com,1,,0.000542
330ca3403296,2,manual,Marketing + Medical,open,Efficacy & results,,,commerce,"If this is a real clinical edge (e.g. weight, A1c), do not fight it head-on — reframe toward an axis we win (convenience / cardiovascular) in comparative content.",14.3,1.43,3.15,prior,5600.0,appliedclinicaltrialsonline.com,1,,0.000527
03a1a36b61be,2,manual,Marketing + Medical,open,Efficacy & results,,WEIGHT LOSS,ugc,"If this is a real clinical edge (e.g. weight, A1c), do not fight it head-on — reframe toward an axis we win (convenience / cardiovascular) in comparative content.",1.44,0.07,0.22,prior,54976.0,reddit.com,1,,0.000521
946b9020e2fd,2,manual,Digital,open,Side effects & tolerability,,WEIGHT LOSS,comp_owned,Competitor feeds answers with its own domains — build comparable owned content: Strengthen owned + directory presence for this topic so alternatives are less prominent in the retrieved set.,0.46,0.05,0.1,prior,160011.0,lilly.com,1,,0.000489
48d4f47b844b,2,auto,Medical + Digital,open,Dosing & administration,Pen & device,,owned,"Publish owned + Medical content that carries the message verbatim, tied to this patient need.",5.93,0.3,0.59,prior,11511.0,ozempic.com,1,,0.00045
da65d713fd25,2,citere,Citere,open,Lifestyle & daily living,,LIVING ON THE DRUG,earned,Maintain — keep the supportive sources live.,15.93,1.59,3.5,prior,4065.0,healthline.com,1,,0.000427
cd4f0c7de540,2,citere,Citere,open,Reputation & narratives,Lawsuits & cover-up,,ugc,Run forensics on the cited domains first — whois dates + copied-text across sites — BEFORE naming any actor.,1.57,0.08,0.24,prior,40650.0,facebook.com,1,,0.000421
e228b437de7a,2,manual,Digital,open,Indications & eligibility,Weight loss without diabetes,,ugc,Strengthen owned + directory presence for this topic so alternatives are less prominent in the retrieved set.,0.92,0.05,0.14,prior,66818.0,reddit.com,1,,0.000403
d798ac82a27e,2,manual,Digital,open,Basics & mechanism,,,ugc,Prioritize by volume — capture this high-traffic topic ahead of low-volume ones. Biggest reach-per-effort.,0.67,0.03,0.1,prior,89149.0,reddit.com,1,,0.000393
73f7b0724464,2,manual,Medical + Digital,open,Serious risks & contraindications,Thyroid / MTC,,commerce,"Publish an owned FAQ / med-reviewed page that states the missing fact plainly, so models have a citable source to complete the answer.",12.58,1.26,2.77,prior,4600.0,doctronic.ai,1,,0.000381
ac40254dea3d,2,auto,Digital,open,Indications & eligibility,Weight loss without diabetes,,owned,Strengthen owned + directory presence for this topic so alternatives are less prominent in the retrieved set.,0.85,0.04,0.09,prior,66818.0,novonordisk.com,1,,0.000374
170777e6a209,2,citere,Citere,open,Serious risks & contraindications,Pregnancy & lactation,,earned,No action — legitimate competitor advantage is not a fix target.,26.26,2.63,5.78,prior,2083.0,clevelandclinic.org,1,,0.00036
964acda005b0,2,citere,Citere,open,Dosing & administration,Site & volume,,owned,No action — keep this target in the monitoring set for the next cycle.,3.93,0.2,0.39,prior,12920.0,ozempic.com,1,,0.000334
ef0165751697,2,manual,Medical,open,Indications & eligibility,PCOS & off-label,,earned,"Move from mention to recommendation with guideline-aligned, comparative content on citable domains.",32.63,3.26,7.18,prior,1490.0,goodrx.com,1,,0.00032
f2c1b5161e98,2,citere,Citere,open,Lifestyle & daily living,,,commerce,Maintain — keep the supportive sources live.,11.94,1.19,2.63,prior,4065.0,forhers.com,1,,0.00032
1b0955f482d0,2,manual,PR/Comms,open,Efficacy & results,,LIVING ON THE DRUG,commerce,"Build category visibility: directories, health-media placements, source share for this situation.",15.78,1.58,3.47,prior,3041.0,noom.com,1,,0.000316
23c00d238505,2,manual,PR/Comms,open,Efficacy & results,,BLOOD SUGAR & GLYCEMIC CONTROL,earned,"Build category visibility: directories, health-media placements, source share for this situation.",44.2,4.42,9.72,prior,1031.0,diabetes.org,1,,0.0003
41c00acb5bfe,2,citere,Citere,open,Lifestyle & daily living,,STARTING & SWITCHING,earned,Maintain — keep the supportive sources live.,11.02,1.1,2.42,prior,4065.0,healthline.com,1,,0.000295
85716bc02bc4,2,citere,Citere,open,Lifestyle & daily living,,LIVING ON THE DRUG,commerce,Maintain — keep the supportive sources live.,10.97,1.1,2.41,prior,4065.0,forhers.com,1,,0.000294
fd1478c79c55,2,manual,Medical,open,Reputation & narratives,Forever drug & regain,,earned,"Move from mention to recommendation with guideline-aligned, comparative content on citable domains.",37.4,3.74,8.23,prior,1173.0,drugs.com,1,,0.000289
4ea12fd9cec3,2,manual,Digital,open,Basics & mechanism,,STARTING & SWITCHING,ugc,Protect the position.,0.45,0.02,0.07,prior,89149.0,diabetesteam.com,1,,0.000263
255bda06bb1c,2,citere,Citere,open,Dosing & administration,Titration & dose schedule,,ugc,Maintain — keep the supportive sources live.,1.69,0.08,0.25,prior,23610.0,reddit.com,1,,0.000262
659655f8b6d5,2,manual,Comms,open,Efficacy & results,,SAFETY & CONTRAINDICATIONS,earned,Protect message integrity in the source set.,24.88,2.49,5.47,prior,1514.0,goodrx.com,1,,0.000248
5c0ab930e283,2,manual,Medical,open,Indications & eligibility,PCOS & off-label,,commerce,"Move from mention to recommendation with guideline-aligned, comparative content on citable domains.",24.17,2.42,5.32,prior,1490.0,cls.health,1,,0.000237
b072f27e7cf1,2,auto,Digital,open,"Price, coverage & supply",Insurance & coverage,,owned,Prioritize by volume — capture this high-traffic topic ahead of low-volume ones. Biggest reach-per-effort.,4.04,0.2,0.4,prior,8198.0,novocare.com,1,,0.000218
a8f22aa841b6,2,auto,Digital,open,Reputation & narratives,Body-change memes,,owned,Protect the position.,0.12,0.01,0.01,prior,257805.0,ozempic.com,1,,0.00021
60fbc8b5de46,2,manual,Medical Affairs,open,Indications & eligibility,Approved uses (general),,earned,"Build a challenge dossier: the competitor label section vs the AI recommendation, per response. This is oppositional evidence, filed with the provider.",34.67,3.47,7.63,prior,909.0,goodrx.com,1,,0.000208
8ef10e5fa2eb,2,citere,Citere,open,Lifestyle & daily living,,STARTING & SWITCHING,commerce,Maintain — keep the supportive sources live.,7.54,0.75,1.66,prior,4065.0,forhers.com,1,,0.000202
e15ef29ca46e,2,manual,Digital,open,Side effects & tolerability,Fatigue & energy,,earned,"Enter the comparison with owned, med-reviewed comparative content.",37.38,3.74,8.22,prior,801.0,medicalnewstoday.com,1,,0.000197
40b06e5b1b10,2,auto,Digital,open,Dosing & administration,"Timing, food & storage",,owned,Protect the win: keep the supporting sources fresh and citable.,2.75,0.14,0.28,prior,10583.0,ozempic.com,1,,0.000192
5ff6f6eaa236,2,manual,Digital,open,Efficacy & results,,WEIGHT LOSS,comp_owned,"Competitor feeds answers with its own domains — build comparable owned content: If this is a real clinical edge (e.g. weight, A1c), do not fight it head-on — reframe toward an axis we win (convenience / cardiovascular) in comparative content.",0.53,0.05,0.12,prior,54976.0,lilly.com,1,,0.000191
41a2d3d3fe88,2,manual,Medical + Digital,open,Dosing & administration,Pen & device,,ugc,"Publish owned + Medical content that carries the message verbatim, tied to this patient need.",2.32,0.12,0.35,prior,11511.0,reddit.com,1,,0.000176
999b3a998a08,2,manual,Digital,open,Dosing & administration,Pen & device,,comp_owned,"Competitor feeds answers with its own domains — build comparable owned content: Publish owned + Medical content that carries the message verbatim, tied to this patient need.",2.2,0.22,0.48,prior,11511.0,lilly.com,1,,0.000167
a18fc9c192c8,2,citere,Citere,open,Reputation & narratives,Lawsuits & cover-up,,owned,Run forensics on the cited domains first — whois dates + copied-text across sites — BEFORE naming any actor.,0.54,0.03,0.05,prior,40650.0,ozempic.com,1,,0.000145
b91ddba766eb,2,manual,Digital,open,Side effects & tolerability,Fatigue & energy,,commerce,"Enter the comparison with owned, med-reviewed comparative content.",26.73,2.67,5.88,prior,801.0,doctronic.ai,1,,0.000141
4446e030b15b,2,citere,Citere,open,Reputation & narratives,Other narratives,,ugc,Monitor the narrative for drift next cycle.,0.64,0.03,0.1,prior,31005.0,facebook.com,1,,0.00013
29eaf0b77b01,2,citere,Citere,open,Indications & eligibility,Cosmetic & small-weight,,ugc,No action — legitimate competitor advantage is not a fix target.,2.71,0.14,0.41,prior,7305.0,reddit.com,1,,0.00013
3fce5af2b692,2,manual,Medical,open,Reputation & narratives,Forever drug & regain,,commerce,"Move from mention to recommendation with guideline-aligned, comparative content on citable domains.",15.74,1.57,3.46,prior,1173.0,leanmd.com,1,,0.000122
4298c333576c,2,manual,Digital,open,Side effects & tolerability,GI & nausea,,ugc,"Enter the comparison with owned, med-reviewed comparative content.",1.87,0.09,0.28,prior,9872.0,reddit.com,1,,0.000121
d4d090a0e9c0,2,manual,Digital,open,Dosing & administration,Titration & dose schedule,,comp_owned,Competitor feeds answers with its own domains — build comparable owned content: Maintain — keep the supportive sources live.,0.76,0.08,0.17,prior,23610.0,lilly.com,1,,0.000119
aa77f8067769,2,manual,Digital,open,"Price, coverage & supply",Insurance & coverage,,ugc,Prioritize by volume — capture this high-traffic topic ahead of low-volume ones. Biggest reach-per-effort.,2.2,0.11,0.33,prior,8198.0,reddit.com,1,,0.000119
7ffd4da65d63,2,citere,Citere,open,Reputation & narratives,Other narratives,,owned,Monitor the narrative for drift next cycle.,0.58,0.03,0.06,prior,31005.0,ozempic.com,1,,0.000119
1fa725c1b910,2,auto,Digital,open,Side effects & tolerability,GI & nausea,,owned,"Enter the comparison with owned, med-reviewed comparative content.",1.72,0.09,0.17,prior,9872.0,ozempic.com,1,,0.000112
5bdba36cdbaf,2,manual,Medical Affairs,open,Indications & eligibility,Approved uses (general),,commerce,"Build a challenge dossier: the competitor label section vs the AI recommendation, per response. This is oppositional evidence, filed with the provider.",18.67,1.87,4.11,prior,909.0,forhers.com,1,,0.000112
a413d73795db,2,manual,Regulatory,open,Serious risks & contraindications,Surgery & anesthesia,,earned,"Package these responses into a Regulatory challenge letter quoting the exact label section that is contradicted, and file it with the model provider.",45.56,4.56,10.02,prior,371.0,goodrx.com,1,,0.000111
810267480d12,2,manual,Comms,open,Efficacy & results,,SAFETY & CONTRAINDICATIONS,commerce,Protect message integrity in the source set.,9.43,0.94,2.07,prior,1514.0,drsobo.com,1,,9.4e-05
e39337533978,2,manual,PR/Comms,open,Efficacy & results,,BLOOD SUGAR & GLYCEMIC CONTROL,commerce,"Build category visibility: directories, health-media placements, source share for this situation.",12.34,1.23,2.71,prior,1031.0,plexusdx.com,1,,8.4e-05
4f15b0361d6a,2,citere,Citere,open,Serious risks & contraindications,Pancreatitis,,earned,No action — legitimate competitor advantage is not a fix target.,10.38,1.04,2.28,prior,1196.0,goodrx.com,1,,8.2e-05
16f6955c7e43,2,manual,Digital,open,Side effects & tolerability,,STARTING & SWITCHING,earned,"Enter the comparison with owned, med-reviewed comparative content.",33.83,3.38,7.44,prior,365.0,drugs.com,1,,8.1e-05
39274dc6418a,2,manual,Digital,open,Reputation & narratives,Body-change memes,,ugc,Protect the position.,0.05,0.0,0.01,prior,257805.0,facebook.com,1,,7.9e-05
07e085427b1b,2,manual,Digital,open,Dosing & administration,Site & volume,,comp_owned,Competitor feeds answers with its own domains — build comparable owned content: No action — keep this target in the monitoring set for the next cycle.,0.89,0.09,0.2,prior,12920.0,lilly.com,1,,7.5e-05
10ab42d490b3,2,citere,Citere,open,Serious risks & contraindications,,,earned,No action — legitimate competitor advantage is not a fix target.,12.94,1.29,2.85,prior,853.0,mayoclinic.org,1,,7.3e-05
36eae483a77b,2,manual,Digital,open,Indications & eligibility,Weight loss without diabetes,,comp_owned,Competitor feeds answers with its own domains — build comparable owned content: Strengthen owned + directory presence for this topic so alternatives are less prominent in the retrieved set.,0.17,0.02,0.04,prior,66818.0,lilly.com,1,,7.2e-05
3ed5e1f0a0af,2,citere,Citere,open,Serious risks & contraindications,Pregnancy & lactation,,commerce,No action — legitimate competitor advantage is not a fix target.,5.22,0.52,1.15,prior,2083.0,endocrine.org,1,,7.2e-05
af2ec3553d83,2,manual,Digital,open,"Price, coverage & supply",Insurance & coverage,,comp_owned,Competitor feeds answers with its own domains — build comparable owned content: Prioritize by volume — capture this high-traffic topic ahead of low-volume ones. Biggest reach-per-effort.,1.21,0.12,0.27,prior,8198.0,lilly.com,1,,6.5e-05
e8234c3869dd,2,auto,Marketing + Medical,open,Efficacy & results,,,owned,"If this is a real clinical edge (e.g. weight, A1c), do not fight it head-on — reframe toward an axis we win (convenience / cardiovascular) in comparative content.",1.76,0.09,0.18,prior,5600.0,ozempic.com,1,,6.5e-05
e913c4557dc6,2,manual,Medical + Digital,open,Serious risks & contraindications,Severe GI & gastroparesis,,earned,"Publish an owned FAQ / med-reviewed page that states the missing fact plainly, so models have a citable source to complete the answer.",14.7,1.47,3.23,prior,663.0,drugs.com,1,,6.4e-05
2fc3c25abb7c,2,manual,Digital,open,Side effects & tolerability,,STARTING & SWITCHING,commerce,"Enter the comparison with owned, med-reviewed comparative content.",24.79,2.48,5.45,prior,365.0,myorthrive.com,1,,6e-05
2468e0b636da,2,manual,PR/Comms,open,Efficacy & results,,STARTING & SWITCHING,ugc,"Build category visibility: directories, health-media placements, source share for this situation.",1.45,0.07,0.22,prior,5600.0,reddit.com,1,,5.3e-05
d8a14f2702e2,2,auto,PR/Comms,open,Efficacy & results,,STARTING & SWITCHING,owned,"Build category visibility: directories, health-media placements, source share for this situation.",1.39,0.07,0.14,prior,5600.0,ozempic.com,1,,5.1e-05
a0f0bbc46107,2,manual,Regulatory,open,Serious risks & contraindications,Surgery & anesthesia,,commerce,"Package these responses into a Regulatory challenge letter quoting the exact label section that is contradicted, and file it with the model provider.",20.79,2.08,4.57,prior,371.0,telehealthally.com,1,,5.1e-05
06e2c1ebc619,2,manual,Digital,open,Dosing & administration,"Timing, food & storage",,ugc,Protect the win: keep the supporting sources fresh and citable.,0.71,0.04,0.11,prior,10583.0,reddit.com,1,,4.9e-05
5fc5e84c7977,1,manual,Marketing + Medical,open,Efficacy & results,,,ugc,"If this is a real clinical edge (e.g. weight, A1c), do not fight it head-on — reframe toward an axis we win (convenience / cardiovascular) in comparative content.",1.3,0.07,0.2,prior,5600.0,reddit.com,1,,4.8e-05
b6cdd301e8e7,1,citere,Citere,open,Dosing & administration,Site & volume,,ugc,No action — keep this target in the monitoring set for the next cycle.,0.51,0.03,0.08,prior,12920.0,reddit.com,1,,4.3e-05
284208596411,1,manual,Digital,open,Side effects & tolerability,GI & nausea,,comp_owned,"Competitor feeds answers with its own domains — build comparable owned content: Enter the comparison with owned, med-reviewed comparative content.",0.61,0.06,0.13,prior,9872.0,lilly.com,1,,4e-05
6a3edbb6abc3,1,manual,PR/Comms,open,Efficacy & results,,LIVING ON THE DRUG,ugc,"Build category visibility: directories, health-media placements, source share for this situation.",1.86,0.09,0.28,prior,3041.0,reddit.com,1,,3.7e-05
6ee0ed38712b,1,citere,Citere,open,Serious risks & contraindications,Kidney safety,,earned,No action — keep this target in the monitoring set for the next cycle.,18.79,1.88,4.13,prior,303.0,kidney.org,1,,3.7e-05
c8f20f88cd95,1,citere,Citere,open,Serious risks & contraindications,Pancreatitis,,commerce,No action — legitimate competitor advantage is not a fix target.,4.54,0.45,1.0,prior,1196.0,doctronic.ai,1,,3.6e-05
a8b5a69c8329,1,auto,Medical + Digital,open,Serious risks & contraindications,Thyroid / MTC,,owned,"Publish an owned FAQ / med-reviewed page that states the missing fact plainly, so models have a citable source to complete the answer.",1.04,0.05,0.1,prior,4600.0,ozempic.com,1,,3.1e-05
d54a8bb9a70c,1,manual,Medical,open,Indications & eligibility,PCOS & off-label,,ugc,"Move from mention to recommendation with guideline-aligned, comparative content on citable domains.",3.19,0.16,0.48,prior,1490.0,reddit.com,1,,3.1e-05
849d5f262058,1,manual,Digital,open,Dosing & administration,"Timing, food & storage",,comp_owned,Competitor feeds answers with its own domains — build comparable owned content: Protect the win: keep the supporting sources fresh and citable.,0.44,0.04,0.1,prior,10583.0,lilly.com,1,,3.1e-05
ba4098827bdc,1,citere,Citere,open,Lifestyle & daily living,,,ugc,Maintain — keep the supportive sources live.,1.13,0.06,0.17,prior,4065.0,reddit.com,1,,3e-05
1bde215caa95,1,manual,Medical + Digital,open,Serious risks & contraindications,Severe GI & gastroparesis,,commerce,"Publish an owned FAQ / med-reviewed page that states the missing fact plainly, so models have a citable source to complete the answer.",5.36,0.54,1.18,prior,663.0,forhers.com,1,,2.3e-05
56fbadb0c7b2,1,manual,Digital,open,Efficacy & results,,LIVING ON THE DRUG,comp_owned,"Competitor feeds answers with its own domains — build comparable owned content: Build category visibility: directories, health-media placements, source share for this situation.",1.16,0.12,0.26,prior,3041.0,lilly.com,1,,2.3e-05
f28514e9066e,1,manual,Medical + Digital,open,Serious risks & contraindications,Thyroid / MTC,,ugc,"Publish an owned FAQ / med-reviewed page that states the missing fact plainly, so models have a citable source to complete the answer.",0.64,0.03,0.1,prior,4600.0,reddit.com,1,,1.9e-05
6ab235a245aa,1,manual,Digital,open,Side effects & tolerability,Fatigue & energy,,ugc,"Enter the comparison with owned, med-reviewed comparative content.",3.5,0.18,0.53,prior,801.0,reddit.com,1,,1.8e-05
480ba866ab61,1,citere,Citere,open,Lifestyle & daily living,,,owned,Maintain — keep the supportive sources live.,0.64,0.03,0.06,prior,4065.0,ozempic.com,1,,1.7e-05
6ca320c5124f,1,citere,Citere,open,Lifestyle & daily living,,LIVING ON THE DRUG,ugc,Maintain — keep the supportive sources live.,0.64,0.03,0.1,prior,4065.0,reddit.com,1,,1.7e-05
59963067a420,1,auto,Comms,open,Efficacy & results,,SAFETY & CONTRAINDICATIONS,owned,Protect message integrity in the source set.,1.45,0.07,0.14,prior,1514.0,ozempic.com,1,,1.4e-05
4259af622e2f,1,manual,Digital,open,Efficacy & results,,,comp_owned,"Competitor feeds answers with its own domains — build comparable owned content: If this is a real clinical edge (e.g. weight, A1c), do not fight it head-on — reframe toward an axis we win (convenience / cardiovascular) in comparative content.",0.38,0.04,0.08,prior,5600.0,lilly.com,1,,1.4e-05
5ebdd9bfe75e,1,manual,Comms,open,Indications & eligibility,Cardiovascular & renal indication,,earned,Protect message integrity in the source set.,20.55,2.06,4.52,prior,98.0,goodrx.com,1,,1.3e-05
e8b0bcc9df4b,1,auto,PR/Comms,open,Efficacy & results,,BLOOD SUGAR & GLYCEMIC CONTROL,owned,"Build category visibility: directories, health-media placements, source share for this situation.",1.94,0.1,0.19,prior,1031.0,ozempic.com,1,,1.3e-05
0e9d14851776,1,manual,Digital,open,Efficacy & results,,STARTING & SWITCHING,comp_owned,"Competitor feeds answers with its own domains — build comparable owned content: Build category visibility: directories, health-media placements, source share for this situation.",0.35,0.03,0.08,prior,5600.0,lilly.com,1,,1.3e-05
5d8c770d7497,1,manual,Digital,open,Serious risks & contraindications,Thyroid / MTC,,comp_owned,"Competitor feeds answers with its own domains — build comparable owned content: Publish an owned FAQ / med-reviewed page that states the missing fact plainly, so models have a citable source to complete the answer.",0.42,0.04,0.09,prior,4600.0,lilly.com,1,,1.3e-05
93bcfd6da719,1,citere,Citere,open,Serious risks & contraindications,,,commerce,No action — legitimate competitor advantage is not a fix target.,2.36,0.24,0.52,prior,853.0,boltpharmacy.co.uk,1,,1.3e-05
ed32786601cf,1,manual,Digital,open,Reputation & narratives,Other narratives,,comp_owned,Competitor feeds answers with its own domains — build comparable owned content: Monitor the narrative for drift next cycle.,0.05,0.01,0.01,prior,31005.0,lilly.com,1,,1.1e-05
50ab4b4c284e,1,auto,Medical,open,Indications & eligibility,PCOS & off-label,,owned,"Move from mention to recommendation with guideline-aligned, comparative content on citable domains.",1.11,0.06,0.11,prior,1490.0,ozempic.com,1,,1.1e-05
ec0842d5549c,1,manual,Comms,open,Efficacy & results,,SAFETY & CONTRAINDICATIONS,ugc,Protect message integrity in the source set.,1.01,0.05,0.15,prior,1514.0,facebook.com,1,,1e-05
ff222853233e,1,citere,Citere,open,Serious risks & contraindications,Hypoglycemia,,earned,No action — keep this target in the monitoring set for the next cycle.,8.77,0.88,1.93,prior,173.0,mayoclinic.org,1,,1e-05
2cd019fd9655,1,manual,PR/Comms,open,Efficacy & results,,BLOOD SUGAR & GLYCEMIC CONTROL,ugc,"Build category visibility: directories, health-media placements, source share for this situation.",1.34,0.07,0.2,prior,1031.0,reddit.com,1,,9e-06
c4027026bc54,1,citere,Citere,open,Serious risks & contraindications,Pregnancy & lactation,,owned,No action — legitimate competitor advantage is not a fix target.,0.65,0.03,0.07,prior,2083.0,ozempic.com,1,,9e-06
8398bc748773,1,manual,Digital,open,Side effects & tolerability,Fatigue & energy,,comp_owned,"Competitor feeds answers with its own domains — build comparable owned content: Enter the comparison with owned, med-reviewed comparative content.",1.58,0.16,0.35,prior,801.0,lilly.com,1,,8e-06
b21a2a276da2,1,citere,Citere,open,Serious risks & contraindications,Kidney safety,,commerce,No action — keep this target in the monitoring set for the next cycle.,4.17,0.42,0.92,prior,303.0,fellahealth.co.uk,1,,8e-06
19f39ea28d8d,1,citere,Citere,open,Lifestyle & daily living,,LIVING ON THE DRUG,owned,Maintain — keep the supportive sources live.,0.29,0.01,0.03,prior,4065.0,ozempic.com,1,,8e-06
430687c2e1c2,1,auto,Medical + Digital,open,Serious risks & contraindications,Severe GI & gastroparesis,,owned,"Publish an owned FAQ / med-reviewed page that states the missing fact plainly, so models have a citable source to complete the answer.",1.53,0.08,0.15,prior,663.0,ozempic.com,1,,7e-06
76d5f7ebc824,1,citere,Citere,open,Serious risks & contraindications,Pregnancy & lactation,,ugc,No action — legitimate competitor advantage is not a fix target.,0.5,0.03,0.07,prior,2083.0,reddit.com,1,,7e-06
2b7fe680f177,1,citere,Citere,open,Serious risks & contraindications,Pancreatitis,,owned,No action — legitimate competitor advantage is not a fix target.,0.86,0.04,0.09,prior,1196.0,ozempic.com,1,,7e-06
e5da979992f9,1,manual,Medical,open,Reputation & narratives,Forever drug & regain,,ugc,"Move from mention to recommendation with guideline-aligned, comparative content on citable domains.",0.83,0.04,0.12,prior,1173.0,reddit.com,1,,6e-06
beaf6f1373eb,1,manual,Digital,open,Efficacy & results,,BLOOD SUGAR & GLYCEMIC CONTROL,comp_owned,"Competitor feeds answers with its own domains — build comparable owned content: Build category visibility: directories, health-media placements, source share for this situation.",0.88,0.09,0.19,prior,1031.0,lilly.com,1,,6e-06
abd388a74baa,1,manual,Digital,open,Side effects & tolerability,,STARTING & SWITCHING,ugc,"Enter the comparison with owned, med-reviewed comparative content.",2.31,0.12,0.35,prior,365.0,reddit.com,1,,6e-06
0a57674cc355,1,citere,Citere,open,Serious risks & contraindications,,,ugc,No action — legitimate competitor advantage is not a fix target.,1.14,0.06,0.17,prior,853.0,reddit.com,1,,6e-06
569d443e230b,1,auto,Digital,open,Side effects & tolerability,,STARTING & SWITCHING,owned,"Enter the comparison with owned, med-reviewed comparative content.",1.99,0.1,0.2,prior,365.0,novomedlink.com,1,,5e-06
0eeceb6eed87,1,auto,PR/Comms,open,Efficacy & results,,LIVING ON THE DRUG,owned,"Build category visibility: directories, health-media placements, source share for this situation.",0.23,0.01,0.02,prior,3041.0,novonordiskmedical.com,1,,5e-06
30b8223a8dd2,1,citere,Citere,open,Lifestyle & daily living,,STARTING & SWITCHING,owned,Maintain — keep the supportive sources live.,0.18,0.01,0.02,prior,4065.0,ozempic.com,1,,5e-06
7762ea100993,1,citere,Citere,open,Serious risks & contraindications,Kidney safety,,owned,No action — keep this target in the monitoring set for the next cycle.,2.21,0.11,0.22,prior,303.0,novomedlink.com,1,,4e-06
02504a98990d,1,citere,Citere,open,Lifestyle & daily living,,STARTING & SWITCHING,ugc,Maintain — keep the supportive sources live.,0.15,0.01,0.02,prior,4065.0,reddit.com,1,,4e-06
20c95a233f22,1,citere,Citere,open,Serious risks & contraindications,Vision & retinopathy,,earned,Monitor the narrative for drift next cycle.,3.39,0.34,0.75,prior,164.0,webmd.com,1,,4e-06
ca7c2613e354,1,manual,Regulatory,open,Serious risks & contraindications,Surgery & anesthesia,,ugc,"Package these responses into a Regulatory challenge letter quoting the exact label section that is contradicted, and file it with the model provider.",1.33,0.07,0.2,prior,371.0,reddit.com,1,,3e-06
7a3810c34a82,1,manual,Comms,open,Indications & eligibility,Cardiovascular & renal indication,,commerce,Protect message integrity in the source set.,5.03,0.5,1.11,prior,98.0,appliedclinicaltrialsonline.com,1,,3e-06
fb613e186277,1,auto,Medical,open,Reputation & narratives,Forever drug & regain,,owned,"Move from mention to recommendation with guideline-aligned, comparative content on citable domains.",0.41,0.02,0.04,prior,1173.0,ozempic.com,1,,3e-06
acf952eac100,1,auto,Digital,open,Side effects & tolerability,Fatigue & energy,,owned,"Enter the comparison with owned, med-reviewed comparative content.",0.53,0.03,0.05,prior,801.0,novonordiskmedical.com,1,,3e-06
4348b84070c7,1,auto,Regulatory,open,Serious risks & contraindications,Surgery & anesthesia,,owned,"Package these responses into a Regulatory challenge letter quoting the exact label section that is contradicted, and file it with the model provider.",0.88,0.04,0.09,prior,371.0,ozempic.com,1,,2e-06
2eb75471851c,1,manual,Digital,open,Efficacy & results,,SAFETY & CONTRAINDICATIONS,comp_owned,Competitor feeds answers with its own domains — build comparable owned content: Protect message integrity in the source set.,0.19,0.02,0.04,prior,1514.0,lilly.com,1,,2e-06
437d4115e719,1,manual,Digital,open,Side effects & tolerability,,STARTING & SWITCHING,comp_owned,"Competitor feeds answers with its own domains — build comparable owned content: Enter the comparison with owned, med-reviewed comparative content.",0.63,0.06,0.14,prior,365.0,lilly.com,1,,2e-06
f5b1c13a6078,1,manual,Medical + Digital,open,Serious risks & contraindications,Severe GI & gastroparesis,,ugc,"Publish an owned FAQ / med-reviewed page that states the missing fact plainly, so models have a citable source to complete the answer.",0.3,0.01,0.04,prior,663.0,reddit.com,1,,1e-06
a790e5d6e9f3,1,auto,Comms,open,Indications & eligibility,Cardiovascular & renal indication,,owned,Protect message integrity in the source set.,2.02,0.1,0.2,prior,98.0,novomedlink.com,1,,1e-06
1b88f891af67,1,citere,Citere,open,Serious risks & contraindications,Kidney safety,,ugc,No action — keep this target in the monitoring set for the next cycle.,0.29,0.01,0.04,prior,303.0,reddit.com,1,,1e-06
67875830c51f,1,citere,Citere,open,Serious risks & contraindications,Vision & retinopathy,,commerce,Monitor the narrative for drift next cycle.,0.5,0.05,0.11,prior,164.0,refocuseyedoctors.com,1,,1e-06
acdba91c28a9,1,manual,Comms,open,Indications & eligibility,Cardiovascular & renal indication,,ugc,Protect message integrity in the source set.,0.38,0.02,0.06,prior,98.0,reddit.com,1,,0.0
ab967fc07ee2,1,manual,Digital,open,Serious risks & contraindications,Vision & retinopathy,,comp_owned,Competitor feeds answers with its own domains — build comparable owned content: Monitor the narrative for drift next cycle.,0.07,0.01,0.02,prior,164.0,lilly.com,1,,0.0
aa8c4cec8d8e,1,citere,Citere,open,Serious risks & contraindications,,,owned,No action — legitimate competitor advantage is not a fix target.,0.08,0.0,0.01,prior,853.0,ozempic.com,1,,0.0
67242a0d3e7e,1,citere,Citere,open,Serious risks & contraindications,Hypoglycemia,,commerce,No action — keep this target in the monitoring set for the next cycle.,0.28,0.03,0.06,prior,173.0,nourish.com,1,,0.0
77aa36d781c8,1,citere,Citere,open,Serious risks & contraindications,Vision & retinopathy,,owned,Monitor the narrative for drift next cycle.,0.22,0.01,0.02,prior,164.0,ozempic.com,1,,0.0
ef6b29e1a4ca,1,citere,Citere,open,Serious risks & contraindications,Vision & retinopathy,,ugc,Monitor the narrative for drift next cycle.,0.02,0.0,0.0,prior,164.0,reddit.com,1,,0.0
