rank,priority,list,group_id,topic,subtopic,zone,owner,score,what,who,speed,why_demand,why_lo,why_hi,why_demand_share,why_gap,why_gap_bad,why_n_prompts,why_gap_by_run,why_n_by_run,why_dominant_run,why_lever,why_institutional_share,top_code,top_domain,impact_reach
1,3,source,Side effects & tolerability × LIVING ON THE DRUG,Side effects & tolerability,,LIVING ON THE DRUG,earned,0.117702,Strengthen owned + directory presence for this topic so alternatives are less prominent in the retrieved set.,Digital,weeks,247764.0,246000.0,249540.0,0.1968,0.7931,0.2931,58,"{""R1"": 1.0, ""R2"": 1.0, ""R3"": 0.8, ""R7"": 0.5294, ""R9"": 0.0}","{""R1"": 5, ""R2"": 20, ""R3"": 15, ""R7"": 17, ""R9"": 1}",R2,0.754,0.1506,LEAK TO A COMPETITOR,drugs.com,196502.0
2,3,source,Side effects & tolerability × WEIGHT LOSS,Side effects & tolerability,,WEIGHT LOSS,earned,0.066838,Strengthen owned + directory presence for this topic so alternatives are less prominent in the retrieved set.,Digital,weeks,160011.0,130000.0,196950.0,0.1271,0.7222,0.2222,18,"{""R1"": 1.0, ""R2"": 0.8571, ""R3"": 1.0, ""R7"": 0.0, ""R9"": 0.25}","{""R1"": 1, ""R2"": 7, ""R3"": 5, ""R7"": 1, ""R9"": 4}",R2,0.7281,0.197,LEAK TO A COMPETITOR,drugs.com,115564.0
3,3,source,"Price, coverage & supply × Coupons & savings","Price, coverage & supply",Coupons & savings,,earned,0.059544,Prioritize by volume — capture this high-traffic topic ahead of low-volume ones. Biggest reach-per-effort.,Digital,weeks,121227.0,88000.0,167000.0,0.0963,0.88,0.68,25,"{""R2"": 1.0, ""R3"": 0.8, ""R7"": 0.8824}","{""R2"": 3, ""R3"": 5, ""R7"": 17}",R7,0.7026,0.0863,LOW REACH ON HIGH DEMAND,goodrx.com,106680.0
4,3,source,Basics & mechanism × STARTING & SWITCHING,Basics & mechanism,,STARTING & SWITCHING,earned,0.033543,Protect the position.,Digital,days,89149.0,55000.0,144500.0,0.0708,0.6923,0.3846,39,"{""R1"": 1.0, ""R7"": 0.3889, ""R8"": 0.9286}","{""R1"": 7, ""R7"": 18, ""R8"": 14}",R7,0.6841,0.2345,REACH OK,drugs.com,61719.0
5,3,source,"Price, coverage & supply × Cost & price","Price, coverage & supply",Cost & price,,earned,0.032742,"Enter the comparison with owned, med-reviewed comparative content.",Digital,weeks,70316.0,47000.0,105200.0,0.0559,0.75,0.2917,48,"{""R1"": 1.0, ""R2"": 0.8, ""R3"": 0.9, ""R7"": 0.5333}","{""R1"": 3, ""R2"": 20, ""R3"": 10, ""R7"": 15}",R2,0.7815,0.1086,NO CLEAR WINNER,goodrx.com,52737.0
6,3,source,Efficacy & results × WEIGHT LOSS,Efficacy & results,,WEIGHT LOSS,earned,0.028075,"If this is a real clinical edge (e.g. weight, A1c), do not fight it head-on — reframe toward an axis we win (convenience / cardiovascular) in comparative content.",Marketing + Medical,weeks,54976.0,42000.0,71960.0,0.0437,0.848,0.272,125,"{""R1"": 1.0, ""R2"": 0.9057, ""R3"": 0.9091, ""R6"": 1.0, ""R7"": 0.0769}","{""R1"": 29, ""R2"": 53, ""R3"": 22, ""R6"": 8, ""R7"": 13}",R2,0.7581,0.1853,WE LOSE THIS DUEL,drugs.com,46620.0
7,3,source,Indications & eligibility × Weight loss without diabetes,Indications & eligibility,Weight loss without diabetes,,earned,0.025881,Strengthen owned + directory presence for this topic so alternatives are less prominent in the retrieved set.,Digital,weeks,66818.0,64000.0,69760.0,0.0531,0.6604,0.2453,53,"{""R1"": 1.0, ""R3"": 0.6, ""R4"": 0.2, ""R5"": 0.75}","{""R1"": 15, ""R3"": 20, ""R4"": 10, ""R5"": 8}",R3,0.7384,0.225,LEAK TO A COMPETITOR,drugs.com,44125.0
8,3,source,"Price, coverage & supply × Coupons & savings","Price, coverage & supply",Coupons & savings,,owned,0.012013,Prioritize by volume — capture this high-traffic topic ahead of low-volume ones. Biggest reach-per-effort.,Digital,weeks,121227.0,88000.0,167000.0,0.0963,0.88,0.68,25,"{""R2"": 1.0, ""R3"": 0.8, ""R7"": 0.8824}","{""R2"": 3, ""R3"": 5, ""R7"": 17}",R7,0.1418,0.0863,LOW REACH ON HIGH DEMAND,novocare.com,106680.0
9,3,source,Reputation & narratives × Body-change memes,Reputation & narratives,Body-change memes,,earned,0.010867,Protect the position.,Digital,days,257805.0,216000.0,307700.0,0.2048,0.0625,0.0625,16,"{""R7"": 0.0, ""R9"": 0.1667}","{""R7"": 10, ""R9"": 6}",R7,0.849,0.1114,REACH OK,clevelandclinic.org,16113.0
10,3,source,Dosing & administration × Titration & dose schedule,Dosing & administration,Titration & dose schedule,,earned,0.009893,Maintain — keep the supportive sources live.,Citere,cycle,23610.0,13000.0,42880.0,0.0188,0.7207,0.3964,111,"{""R1"": 1.0, ""R2"": 0.7778, ""R3"": 0.5676, ""R4"": 1.0, ""R5"": 0.0, ""R6"": 1.0, ""R7"": 0.5, ""R8"": 1.0}","{""R1"": 18, ""R2"": 9, ""R3"": 37, ""R4"": 10, ""R5"": 1, ""R6"": 10, ""R7"": 24, ""R8"": 2}",R3,0.7319,0.1719,PATIENT RETAINED,drugs.com,17016.0
11,3,source,Reputation & narratives × Lawsuits & cover-up,Reputation & narratives,Lawsuits & cover-up,,earned,0.008539,Run forensics on the cited domains first — whois dates + copied-text across sites — BEFORE naming any actor.,Citere,varies,40650.0,40000.0,41310.0,0.0323,0.6296,0.4815,27,"{""R1"": 1.0, ""R7"": 0.0, ""R9"": 0.5833}","{""R1"": 10, ""R7"": 5, ""R9"": 12}",R9,0.42,0.2995,AI AMPLIFIES A HARMFUL MYTH,clevelandclinic.org,25594.0
12,3,source,Reputation & narratives × Other narratives,Reputation & narratives,Other narratives,,earned,0.005812,Monitor the narrative for drift next cycle.,Citere,cycle,31005.0,31000.0,31010.0,0.0246,0.3077,0.0769,13,"{""R1"": 1.0, ""R3"": 1.0, ""R7"": 0.0, ""R9"": 0.0}","{""R1"": 2, ""R3"": 2, ""R7"": 3, ""R9"": 6}",R9,0.7668,0.1762,MYTH DEFENDED,endoslimclinic.com,9540.0
13,3,source,Side effects & tolerability × LIVING ON THE DRUG,Side effects & tolerability,,LIVING ON THE DRUG,owned,0.005394,Strengthen owned + directory presence for this topic so alternatives are less prominent in the retrieved set.,Digital,weeks,247764.0,246000.0,249540.0,0.1968,0.7931,0.2931,58,"{""R1"": 1.0, ""R2"": 1.0, ""R3"": 0.8, ""R7"": 0.5294, ""R9"": 0.0}","{""R1"": 5, ""R2"": 20, ""R3"": 15, ""R7"": 17, ""R9"": 1}",R2,0.0346,0.1506,LEAK TO A COMPETITOR,ozempic.com,196502.0
14,3,source,Side effects & tolerability × GI & nausea,Side effects & tolerability,GI & nausea,,earned,0.004584,"Enter the comparison with owned, med-reviewed comparative content.",Digital,weeks,9872.0,6300.0,15470.0,0.0078,0.6939,0.1633,49,"{""R1"": 1.0, ""R2"": 1.0, ""R3"": 0.4583, ""R7"": 0.0}","{""R1"": 2, ""R2"": 21, ""R3"": 24, ""R7"": 2}",R3,0.8425,0.0814,NO CLEAR WINNER,drugs.com,6850.0
15,3,source,Dosing & administration × Pen & device,Dosing & administration,Pen & device,,earned,0.004313,"Publish owned + Medical content that carries the message verbatim, tied to this patient need.",Medical + Digital,weeks,11511.0,8700.0,15230.0,0.0091,0.6875,0.375,32,"{""R2"": 1.0, ""R3"": 0.4286, ""R4"": 0.0, ""R5"": 0.0, ""R6"": 1.0, ""R7"": 0.6}","{""R2"": 6, ""R3"": 7, ""R4"": 1, ""R5"": 3, ""R6"": 10, ""R7"": 5}",R6,0.6861,0.1578,MESSAGE NOT DELIVERED,drugs.com,7914.0
16,3,source,"Price, coverage & supply × Coupons & savings","Price, coverage & supply",Coupons & savings,,comp_owned,0.004179,Competitor feeds answers with its own domains — build comparable owned content: Prioritize by volume — capture this high-traffic topic ahead of low-volume ones. Biggest reach-per-effort.,Digital,weeks,121227.0,88000.0,167000.0,0.0963,0.88,0.68,25,"{""R2"": 1.0, ""R3"": 0.8, ""R7"": 0.8824}","{""R2"": 3, ""R3"": 5, ""R7"": 17}",R7,0.0493,0.0863,LOW REACH ON HIGH DEMAND,lilly.com,106680.0
17,3,source,"Price, coverage & supply × Insurance & coverage","Price, coverage & supply",Insurance & coverage,,earned,0.004142,Prioritize by volume — capture this high-traffic topic ahead of low-volume ones. Biggest reach-per-effort.,Digital,weeks,8198.0,4700.0,14300.0,0.0065,0.8462,0.5192,52,"{""R1"": 1.0, ""R2"": 1.0, ""R3"": 0.8125, ""R7"": 0.7222}","{""R1"": 12, ""R2"": 6, ""R3"": 16, ""R7"": 18}",R7,0.7516,0.1491,LOW REACH ON HIGH DEMAND,goodrx.com,6937.0
18,3,source,Dosing & administration × Site & volume,Dosing & administration,Site & volume,,earned,0.003302,No action — keep this target in the monitoring set for the next cycle.,Citere,cycle,12920.0,12000.0,13910.0,0.0103,0.3889,0.2778,18,"{""R3"": 0.4, ""R4"": 0.0, ""R7"": 0.7143}","{""R3"": 5, ""R4"": 6, ""R7"": 7}",R7,0.8274,0.0358,ANSWERED CORRECTLY,goodrx.com,5024.0
19,3,source,"Price, coverage & supply × Cost & price","Price, coverage & supply",Cost & price,,owned,0.002699,"Enter the comparison with owned, med-reviewed comparative content.",Digital,weeks,70316.0,47000.0,105200.0,0.0559,0.75,0.2917,48,"{""R1"": 1.0, ""R2"": 0.8, ""R3"": 0.9, ""R7"": 0.5333}","{""R1"": 3, ""R2"": 20, ""R3"": 10, ""R7"": 15}",R2,0.0644,0.1086,NO CLEAR WINNER,novocare.com,52737.0
20,3,source,Indications & eligibility × Cosmetic & small-weight,Indications & eligibility,Cosmetic & small-weight,,earned,0.002588,No action — legitimate competitor advantage is not a fix target.,Citere,cycle,7305.0,7300.0,7310.0,0.0058,0.5,0.4,10,"{""R3"": 1.0, ""R5"": 0.4444}","{""R3"": 1, ""R5"": 9}",R5,0.8919,0.0541,COMPETITOR WITHIN LABEL,healthline.com,3652.0
21,3,source,Basics & mechanism × STARTING & SWITCHING,Basics & mechanism,,STARTING & SWITCHING,owned,0.00257,Protect the position.,Digital,days,89149.0,55000.0,144500.0,0.0708,0.6923,0.3846,39,"{""R1"": 1.0, ""R7"": 0.3889, ""R8"": 0.9286}","{""R1"": 7, ""R7"": 18, ""R8"": 14}",R7,0.0524,0.2345,REACH OK,ozempic.com,61719.0
22,3,source,Side effects & tolerability × LIVING ON THE DRUG,Side effects & tolerability,,LIVING ON THE DRUG,ugc,0.002569,Strengthen owned + directory presence for this topic so alternatives are less prominent in the retrieved set.,Digital,weeks,247764.0,246000.0,249540.0,0.1968,0.7931,0.2931,58,"{""R1"": 1.0, ""R2"": 1.0, ""R3"": 0.8, ""R7"": 0.5294, ""R9"": 0.0}","{""R1"": 5, ""R2"": 20, ""R3"": 15, ""R7"": 17, ""R9"": 1}",R2,0.0165,0.1506,LEAK TO A COMPETITOR,reddit.com,196502.0
23,3,source,"Dosing & administration × Timing, food & storage",Dosing & administration,"Timing, food & storage",,earned,0.002392,Protect the win: keep the supporting sources fresh and citable.,Digital,days,10583.0,10000.0,11200.0,0.0084,0.4,0.2,35,"{""R2"": 0.4286, ""R3"": 0.5, ""R4"": 0.0, ""R6"": 0.6}","{""R2"": 14, ""R3"": 4, ""R4"": 7, ""R6"": 10}",R2,0.7114,0.176,WE WIN THIS DUEL,goodrx.com,4233.0
24,3,source,Side effects & tolerability × LIVING ON THE DRUG,Side effects & tolerability,,LIVING ON THE DRUG,comp_owned,0.002376,Competitor feeds answers with its own domains — build comparable owned content: Strengthen owned + directory presence for this topic so alternatives are less prominent in the retrieved set.,Digital,weeks,247764.0,246000.0,249540.0,0.1968,0.7931,0.2931,58,"{""R1"": 1.0, ""R2"": 1.0, ""R3"": 0.8, ""R7"": 0.5294, ""R9"": 0.0}","{""R1"": 5, ""R2"": 20, ""R3"": 15, ""R7"": 17, ""R9"": 1}",R2,0.0152,0.1506,LEAK TO A COMPETITOR,lilly.com,196502.0
25,3,source,Efficacy & results × STARTING & SWITCHING,Efficacy & results,,STARTING & SWITCHING,earned,0.00235,"Build category visibility: directories, health-media placements, source share for this situation.",PR/Comms,weeks,5600.0,3500.0,8960.0,0.0044,0.7535,0.3451,142,"{""R1"": 1.0, ""R2"": 0.7895, ""R3"": 0.55, ""R6"": 0.7222, ""R7"": 0.3158}","{""R1"": 47, ""R2"": 38, ""R3"": 20, ""R6"": 18, ""R7"": 19}",R1,0.7012,0.245,WE ARE ABSENT,drugs.com,4220.0
26,3,source,Side effects & tolerability × WEIGHT LOSS,Side effects & tolerability,,WEIGHT LOSS,ugc,0.001868,Strengthen owned + directory presence for this topic so alternatives are less prominent in the retrieved set.,Digital,weeks,160011.0,130000.0,196950.0,0.1271,0.7222,0.2222,18,"{""R1"": 1.0, ""R2"": 0.8571, ""R3"": 1.0, ""R7"": 0.0, ""R9"": 0.25}","{""R1"": 1, ""R2"": 7, ""R3"": 5, ""R7"": 1, ""R9"": 4}",R2,0.0203,0.197,LEAK TO A COMPETITOR,reddit.com,115564.0
27,3,source,Efficacy & results × LIVING ON THE DRUG,Efficacy & results,,LIVING ON THE DRUG,earned,0.001816,"Build category visibility: directories, health-media placements, source share for this situation.",PR/Comms,weeks,3041.0,2500.0,3700.0,0.0024,1.0,0.5,14,"{""R1"": 1.0, ""R2"": 1.0}","{""R1"": 8, ""R2"": 6}",R1,0.7517,0.2135,WE ARE ABSENT,diabetes.org,3041.0
28,3,source,"Price, coverage & supply × Coupons & savings","Price, coverage & supply",Coupons & savings,,ugc,0.001436,Prioritize by volume — capture this high-traffic topic ahead of low-volume ones. Biggest reach-per-effort.,Digital,weeks,121227.0,88000.0,167000.0,0.0963,0.88,0.68,25,"{""R2"": 1.0, ""R3"": 0.8, ""R7"": 0.8824}","{""R2"": 3, ""R3"": 5, ""R7"": 17}",R7,0.0169,0.0863,LOW REACH ON HIGH DEMAND,reddit.com,106680.0
29,3,source,Side effects & tolerability × WEIGHT LOSS,Side effects & tolerability,,WEIGHT LOSS,owned,0.001376,Strengthen owned + directory presence for this topic so alternatives are less prominent in the retrieved set.,Digital,weeks,160011.0,130000.0,196950.0,0.1271,0.7222,0.2222,18,"{""R1"": 1.0, ""R2"": 0.8571, ""R3"": 1.0, ""R7"": 0.0, ""R9"": 0.25}","{""R1"": 1, ""R2"": 7, ""R3"": 5, ""R7"": 1, ""R9"": 4}",R2,0.015,0.197,LEAK TO A COMPETITOR,ozempic.com,115564.0
30,3,source,Serious risks & contraindications × Thyroid / MTC,Serious risks & contraindications,Thyroid / MTC,,earned,0.001158,No action — legitimate competitor advantage is not a fix target.,Citere,cycle,4600.0,4000.0,5290.0,0.0037,0.4948,0.134,97,"{""R1"": 1.0, ""R2"": 0.625, ""R3"": 0.6667, ""R4"": 0.4815, ""R5"": 0.0, ""R9"": 0.1667}","{""R1"": 17, ""R2"": 24, ""R3"": 3, ""R4"": 27, ""R5"": 20, ""R9"": 6}",R4,0.6404,0.2964,COMPETITOR WITHIN LABEL,drugs.com,2276.0
31,3,source,Basics & mechanism × STARTING & SWITCHING,Basics & mechanism,,STARTING & SWITCHING,comp_owned,0.001082,Competitor feeds answers with its own domains — build comparable owned content: Protect the position.,Digital,days,89149.0,55000.0,144500.0,0.0708,0.6923,0.3846,39,"{""R1"": 1.0, ""R7"": 0.3889, ""R8"": 0.9286}","{""R1"": 7, ""R7"": 18, ""R8"": 14}",R7,0.0221,0.2345,REACH OK,lilly.com,61719.0
32,3,source,Lifestyle & daily living × LIVING ON THE DRUG,Lifestyle & daily living,,LIVING ON THE DRUG,earned,0.000869,Maintain — keep the supportive sources live.,Citere,cycle,4065.0,2700.0,6120.0,0.0032,0.3,0.0,10,"{""R3"": 0.3}","{""R3"": 10}",R3,0.8969,0.072,PATIENT RETAINED,healthline.com,1220.0
33,3,source,"Price, coverage & supply × Cost & price","Price, coverage & supply",Cost & price,,ugc,0.000849,"Enter the comparison with owned, med-reviewed comparative content.",Digital,weeks,70316.0,47000.0,105200.0,0.0559,0.75,0.2917,48,"{""R1"": 1.0, ""R2"": 0.8, ""R3"": 0.9, ""R7"": 0.5333}","{""R1"": 3, ""R2"": 20, ""R3"": 10, ""R7"": 15}",R2,0.0203,0.1086,NO CLEAR WINNER,reddit.com,52737.0
34,3,source,Lifestyle & daily living × STARTING & SWITCHING,Lifestyle & daily living,,STARTING & SWITCHING,earned,0.000738,Maintain — keep the supportive sources live.,Citere,cycle,4065.0,2700.0,6120.0,0.0032,0.25,0.0,20,"{""R1"": 1.0, ""R3"": 0.2105}","{""R1"": 1, ""R3"": 19}",R3,0.9137,0.0615,PATIENT RETAINED,healthline.com,1016.0
35,3,source,Efficacy & results × WEIGHT LOSS,Efficacy & results,,WEIGHT LOSS,owned,0.000724,"If this is a real clinical edge (e.g. weight, A1c), do not fight it head-on — reframe toward an axis we win (convenience / cardiovascular) in comparative content.",Marketing + Medical,weeks,54976.0,42000.0,71960.0,0.0437,0.848,0.272,125,"{""R1"": 1.0, ""R2"": 0.9057, ""R3"": 0.9091, ""R6"": 1.0, ""R7"": 0.0769}","{""R1"": 29, ""R2"": 53, ""R3"": 22, ""R6"": 8, ""R7"": 13}",R2,0.0195,0.1853,WE LOSE THIS DUEL,ozempic.com,46620.0
36,3,source,"Price, coverage & supply × Cost & price","Price, coverage & supply",Cost & price,,comp_owned,0.000717,"Competitor feeds answers with its own domains — build comparable owned content: Enter the comparison with owned, med-reviewed comparative content.",Digital,weeks,70316.0,47000.0,105200.0,0.0559,0.75,0.2917,48,"{""R1"": 1.0, ""R2"": 0.8, ""R3"": 0.9, ""R7"": 0.5333}","{""R1"": 3, ""R2"": 20, ""R3"": 10, ""R7"": 15}",R2,0.0171,0.1086,NO CLEAR WINNER,lilly.com,52737.0
37,3,source,Dosing & administration × Titration & dose schedule,Dosing & administration,Titration & dose schedule,,owned,0.000692,Maintain — keep the supportive sources live.,Citere,cycle,23610.0,13000.0,42880.0,0.0188,0.7207,0.3964,111,"{""R1"": 1.0, ""R2"": 0.7778, ""R3"": 0.5676, ""R4"": 1.0, ""R5"": 0.0, ""R6"": 1.0, ""R7"": 0.5, ""R8"": 1.0}","{""R1"": 18, ""R2"": 9, ""R3"": 37, ""R4"": 10, ""R5"": 1, ""R6"": 10, ""R7"": 24, ""R8"": 2}",R3,0.0512,0.1719,PATIENT RETAINED,ozempic.com,17016.0
38,3,source,Indications & eligibility × PCOS & off-label,Indications & eligibility,PCOS & off-label,,earned,0.000672,"Move from mention to recommendation with guideline-aligned, comparative content on citable domains.",Medical,months,1490.0,1200.0,1850.0,0.0012,0.7692,0.2308,13,"{""R1"": 1.0, ""R3"": 0.6667, ""R5"": 0.3333}","{""R1"": 7, ""R3"": 3, ""R5"": 3}",R1,0.7384,0.2057,LISTED BUT NOT CHOSEN,goodrx.com,1146.0
39,3,source,Efficacy & results × WEIGHT LOSS,Efficacy & results,,WEIGHT LOSS,ugc,0.000628,"If this is a real clinical edge (e.g. weight, A1c), do not fight it head-on — reframe toward an axis we win (convenience / cardiovascular) in comparative content.",Marketing + Medical,weeks,54976.0,42000.0,71960.0,0.0437,0.848,0.272,125,"{""R1"": 1.0, ""R2"": 0.9057, ""R3"": 0.9091, ""R6"": 1.0, ""R7"": 0.0769}","{""R1"": 29, ""R2"": 53, ""R3"": 22, ""R6"": 8, ""R7"": 13}",R2,0.017,0.1853,WE LOSE THIS DUEL,reddit.com,46620.0
40,3,source,Side effects & tolerability × WEIGHT LOSS,Side effects & tolerability,,WEIGHT LOSS,comp_owned,0.00059,Competitor feeds answers with its own domains — build comparable owned content: Strengthen owned + directory presence for this topic so alternatives are less prominent in the retrieved set.,Digital,weeks,160011.0,130000.0,196950.0,0.1271,0.7222,0.2222,18,"{""R1"": 1.0, ""R2"": 0.8571, ""R3"": 1.0, ""R7"": 0.0, ""R9"": 0.25}","{""R1"": 1, ""R2"": 7, ""R3"": 5, ""R7"": 1, ""R9"": 4}",R2,0.0064,0.197,LEAK TO A COMPETITOR,lilly.com,115564.0
41,3,source,Dosing & administration × Pen & device,Dosing & administration,Pen & device,,owned,0.000542,"Publish owned + Medical content that carries the message verbatim, tied to this patient need.",Medical + Digital,weeks,11511.0,8700.0,15230.0,0.0091,0.6875,0.375,32,"{""R2"": 1.0, ""R3"": 0.4286, ""R4"": 0.0, ""R5"": 0.0, ""R6"": 1.0, ""R7"": 0.6}","{""R2"": 6, ""R3"": 7, ""R4"": 1, ""R5"": 3, ""R6"": 10, ""R7"": 5}",R6,0.0863,0.1578,MESSAGE NOT DELIVERED,ozempic.com,7914.0
42,3,source,Serious risks & contraindications × Pregnancy & lactation,Serious risks & contraindications,Pregnancy & lactation,,earned,0.000521,No action — legitimate competitor advantage is not a fix target.,Citere,cycle,2083.0,1400.0,3100.0,0.0017,0.4419,0.3023,43,"{""R1"": 1.0, ""R2"": 1.0, ""R3"": 0.0, ""R4"": 0.5714, ""R5"": 0.1538, ""R9"": 0.0}","{""R1"": 8, ""R2"": 1, ""R3"": 1, ""R4"": 14, ""R5"": 13, ""R9"": 6}",R4,0.7125,0.2489,COMPETITOR WITHIN LABEL,clevelandclinic.org,920.0
43,3,source,Reputation & narratives × Lawsuits & cover-up,Reputation & narratives,Lawsuits & cover-up,,ugc,0.000507,Run forensics on the cited domains first — whois dates + copied-text across sites — BEFORE naming any actor.,Citere,varies,40650.0,40000.0,41310.0,0.0323,0.6296,0.4815,27,"{""R1"": 1.0, ""R7"": 0.0, ""R9"": 0.5833}","{""R1"": 10, ""R7"": 5, ""R9"": 12}",R9,0.025,0.2995,AI AMPLIFIES A HARMFUL MYTH,facebook.com,25594.0
44,2,source,Reputation & narratives × Forever drug & regain,Reputation & narratives,Forever drug & regain,,earned,0.000495,"Move from mention to recommendation with guideline-aligned, comparative content on citable domains.",Medical,months,1173.0,800.0,1720.0,0.0009,0.75,0.3333,12,"{""R1"": 1.0, ""R3"": 1.0, ""R9"": 0.5}","{""R1"": 5, ""R3"": 1, ""R9"": 6}",R9,0.7086,0.2403,LISTED BUT NOT CHOSEN,drugs.com,880.0
45,2,source,Indications & eligibility × Weight loss without diabetes,Indications & eligibility,Weight loss without diabetes,,ugc,0.000486,Strengthen owned + directory presence for this topic so alternatives are less prominent in the retrieved set.,Digital,weeks,66818.0,64000.0,69760.0,0.0531,0.6604,0.2453,53,"{""R1"": 1.0, ""R3"": 0.6, ""R4"": 0.2, ""R5"": 0.75}","{""R1"": 15, ""R3"": 20, ""R4"": 10, ""R5"": 8}",R3,0.0139,0.225,LEAK TO A COMPETITOR,reddit.com,44125.0
46,2,source,Efficacy & results × BLOOD SUGAR & GLYCEMIC CONTROL,Efficacy & results,,BLOOD SUGAR & GLYCEMIC CONTROL,earned,0.000463,"Build category visibility: directories, health-media placements, source share for this situation.",PR/Comms,weeks,1031.0,900.0,1180.0,0.0008,0.8276,0.4713,87,"{""R1"": 1.0, ""R2"": 0.84, ""R3"": 0.0, ""R6"": 0.6429, ""R7"": 0.0}","{""R1"": 42, ""R2"": 25, ""R3"": 5, ""R6"": 14, ""R7"": 1}",R1,0.6833,0.2587,WE ARE ABSENT,diabetes.org,853.0
47,2,source,Indications & eligibility × Weight loss without diabetes,Indications & eligibility,Weight loss without diabetes,,owned,0.000452,Strengthen owned + directory presence for this topic so alternatives are less prominent in the retrieved set.,Digital,weeks,66818.0,64000.0,69760.0,0.0531,0.6604,0.2453,53,"{""R1"": 1.0, ""R3"": 0.6, ""R4"": 0.2, ""R5"": 0.75}","{""R1"": 15, ""R3"": 20, ""R4"": 10, ""R5"": 8}",R3,0.0129,0.225,LEAK TO A COMPETITOR,novonordisk.com,44125.0
48,2,source,Efficacy & results × SAFETY & CONTRAINDICATIONS,Efficacy & results,,SAFETY & CONTRAINDICATIONS,earned,0.000413,Protect message integrity in the source set.,Comms,cycle,1514.0,1200.0,1910.0,0.0012,0.6,0.4,15,"{""R1"": 1.0, ""R2"": 1.0, ""R6"": 0.4}","{""R1"": 3, ""R2"": 2, ""R6"": 10}",R6,0.5717,0.3801,MESSAGE DELIVERED,goodrx.com,908.0
49,2,source,Side effects & tolerability × Fatigue & energy,Side effects & tolerability,Fatigue & energy,,earned,0.000408,"Enter the comparison with owned, med-reviewed comparative content.",Digital,weeks,801.0,600.0,1070.0,0.0006,0.8,0.0,10,"{""R2"": 1.0, ""R3"": 0.6667}","{""R2"": 4, ""R3"": 6}",R3,0.8013,0.0873,NO CLEAR WINNER,medicalnewstoday.com,641.0
50,2,source,Dosing & administration × Site & volume,Dosing & administration,Site & volume,,owned,0.000403,No action — keep this target in the monitoring set for the next cycle.,Citere,cycle,12920.0,12000.0,13910.0,0.0103,0.3889,0.2778,18,"{""R3"": 0.4, ""R4"": 0.0, ""R7"": 0.7143}","{""R3"": 5, ""R4"": 6, ""R7"": 7}",R7,0.101,0.0358,ANSWERED CORRECTLY,ozempic.com,5024.0
51,2,source,Indications & eligibility × Approved uses (general),Indications & eligibility,Approved uses (general),,earned,0.000385,"Build a challenge dossier: the competitor label section vs the AI recommendation, per response. This is oppositional evidence, filed with the provider.",Medical Affairs,weeks,909.0,700.0,1180.0,0.0007,0.6667,0.4,15,"{""R3"": 1.0, ""R5"": 0.5455, ""R8"": 1.0}","{""R3"": 1, ""R5"": 11, ""R8"": 3}",R5,0.8,0.14,COMPETITOR OFF-LABEL LIFT,forhers.com,606.0
52,2,source,Basics & mechanism × STARTING & SWITCHING,Basics & mechanism,,STARTING & SWITCHING,ugc,0.000338,Protect the position.,Digital,days,89149.0,55000.0,144500.0,0.0708,0.6923,0.3846,39,"{""R1"": 1.0, ""R7"": 0.3889, ""R8"": 0.9286}","{""R1"": 7, ""R7"": 18, ""R8"": 14}",R7,0.0069,0.2345,REACH OK,diabetesteam.com,61719.0
53,2,source,Dosing & administration × Titration & dose schedule,Dosing & administration,Titration & dose schedule,,ugc,0.000316,Maintain — keep the supportive sources live.,Citere,cycle,23610.0,13000.0,42880.0,0.0188,0.7207,0.3964,111,"{""R1"": 1.0, ""R2"": 0.7778, ""R3"": 0.5676, ""R4"": 1.0, ""R5"": 0.0, ""R6"": 1.0, ""R7"": 0.5, ""R8"": 1.0}","{""R1"": 18, ""R2"": 9, ""R3"": 37, ""R4"": 10, ""R5"": 1, ""R6"": 10, ""R7"": 24, ""R8"": 2}",R3,0.0234,0.1719,PATIENT RETAINED,reddit.com,17016.0
54,2,source,"Price, coverage & supply × Insurance & coverage","Price, coverage & supply",Insurance & coverage,,owned,0.000263,Prioritize by volume — capture this high-traffic topic ahead of low-volume ones. Biggest reach-per-effort.,Digital,weeks,8198.0,4700.0,14300.0,0.0065,0.8462,0.5192,52,"{""R1"": 1.0, ""R2"": 1.0, ""R3"": 0.8125, ""R7"": 0.7222}","{""R1"": 12, ""R2"": 6, ""R3"": 16, ""R7"": 18}",R7,0.0477,0.1491,LOW REACH ON HIGH DEMAND,novocare.com,6937.0
55,2,source,Reputation & narratives × Body-change memes,Reputation & narratives,Body-change memes,,owned,0.000253,Protect the position.,Digital,days,257805.0,216000.0,307700.0,0.2048,0.0625,0.0625,16,"{""R7"": 0.0, ""R9"": 0.1667}","{""R7"": 10, ""R9"": 6}",R7,0.0198,0.1114,REACH OK,ozempic.com,16113.0
56,2,source,"Dosing & administration × Timing, food & storage",Dosing & administration,"Timing, food & storage",,owned,0.000231,Protect the win: keep the supporting sources fresh and citable.,Digital,days,10583.0,10000.0,11200.0,0.0084,0.4,0.2,35,"{""R2"": 0.4286, ""R3"": 0.5, ""R4"": 0.0, ""R6"": 0.6}","{""R2"": 14, ""R3"": 4, ""R4"": 7, ""R6"": 10}",R2,0.0687,0.176,WE WIN THIS DUEL,ozempic.com,4233.0
57,2,source,Efficacy & results × WEIGHT LOSS,Efficacy & results,,WEIGHT LOSS,comp_owned,0.00023,"Competitor feeds answers with its own domains — build comparable owned content: If this is a real clinical edge (e.g. weight, A1c), do not fight it head-on — reframe toward an axis we win (convenience / cardiovascular) in comparative content.",Digital,weeks,54976.0,42000.0,71960.0,0.0437,0.848,0.272,125,"{""R1"": 1.0, ""R2"": 0.9057, ""R3"": 0.9091, ""R6"": 1.0, ""R7"": 0.0769}","{""R1"": 29, ""R2"": 53, ""R3"": 22, ""R6"": 8, ""R7"": 13}",R2,0.0062,0.1853,WE LOSE THIS DUEL,lilly.com,46620.0
58,2,source,Dosing & administration × Pen & device,Dosing & administration,Pen & device,,ugc,0.000212,"Publish owned + Medical content that carries the message verbatim, tied to this patient need.",Medical + Digital,weeks,11511.0,8700.0,15230.0,0.0091,0.6875,0.375,32,"{""R2"": 1.0, ""R3"": 0.4286, ""R4"": 0.0, ""R5"": 0.0, ""R6"": 1.0, ""R7"": 0.6}","{""R2"": 6, ""R3"": 7, ""R4"": 1, ""R5"": 3, ""R6"": 10, ""R7"": 5}",R6,0.0337,0.1578,MESSAGE NOT DELIVERED,reddit.com,7914.0
59,2,source,Dosing & administration × Pen & device,Dosing & administration,Pen & device,,comp_owned,0.000201,"Competitor feeds answers with its own domains — build comparable owned content: Publish owned + Medical content that carries the message verbatim, tied to this patient need.",Digital,weeks,11511.0,8700.0,15230.0,0.0091,0.6875,0.375,32,"{""R2"": 1.0, ""R3"": 0.4286, ""R4"": 0.0, ""R5"": 0.0, ""R6"": 1.0, ""R7"": 0.6}","{""R2"": 6, ""R3"": 7, ""R4"": 1, ""R5"": 3, ""R6"": 10, ""R7"": 5}",R6,0.032,0.1578,MESSAGE NOT DELIVERED,lilly.com,7914.0
60,2,source,Serious risks & contraindications × Surgery & anesthesia,Serious risks & contraindications,Surgery & anesthesia,,earned,0.000196,"Package these responses into a Regulatory challenge letter quoting the exact label section that is contradicted, and file it with the model provider.",Regulatory,weeks,371.0,300.0,460.0,0.0003,0.8095,0.6667,21,"{""R1"": 1.0, ""R3"": 1.0, ""R4"": 0.9286, ""R5"": 0.0}","{""R1"": 1, ""R3"": 3, ""R4"": 14, ""R5"": 3}",R4,0.8197,0.1421,DANGEROUS LABEL ERROR,goodrx.com,300.0
61,2,source,Reputation & narratives × Lawsuits & cover-up,Reputation & narratives,Lawsuits & cover-up,,owned,0.000175,Run forensics on the cited domains first — whois dates + copied-text across sites — BEFORE naming any actor.,Citere,varies,40650.0,40000.0,41310.0,0.0323,0.6296,0.4815,27,"{""R1"": 1.0, ""R7"": 0.0, ""R9"": 0.5833}","{""R1"": 10, ""R7"": 5, ""R9"": 12}",R9,0.0086,0.2995,AI AMPLIFIES A HARMFUL MYTH,ozempic.com,25594.0
62,2,source,Side effects & tolerability × STARTING & SWITCHING,Side effects & tolerability,,STARTING & SWITCHING,earned,0.00017,"Enter the comparison with owned, med-reviewed comparative content.",Digital,weeks,365.0,350.0,380.0,0.0003,0.75,0.3125,16,"{""R2"": 0.9167, ""R7"": 0.3333, ""R9"": 0.0}","{""R2"": 12, ""R7"": 3, ""R9"": 1}",R2,0.7815,0.1246,NO CLEAR WINNER,drugs.com,274.0
63,2,source,Reputation & narratives × Other narratives,Reputation & narratives,Other narratives,,ugc,0.000157,Monitor the narrative for drift next cycle.,Citere,cycle,31005.0,31000.0,31010.0,0.0246,0.3077,0.0769,13,"{""R1"": 1.0, ""R3"": 1.0, ""R7"": 0.0, ""R9"": 0.0}","{""R1"": 2, ""R3"": 2, ""R7"": 3, ""R9"": 6}",R9,0.0207,0.1762,MYTH DEFENDED,facebook.com,9540.0
64,2,source,Indications & eligibility × Cosmetic & small-weight,Indications & eligibility,Cosmetic & small-weight,,ugc,0.000157,No action — legitimate competitor advantage is not a fix target.,Citere,cycle,7305.0,7300.0,7310.0,0.0058,0.5,0.4,10,"{""R3"": 1.0, ""R5"": 0.4444}","{""R3"": 1, ""R5"": 9}",R5,0.0541,0.0541,COMPETITOR WITHIN LABEL,reddit.com,3652.0
65,2,source,Side effects & tolerability × GI & nausea,Side effects & tolerability,GI & nausea,,ugc,0.000146,"Enter the comparison with owned, med-reviewed comparative content.",Digital,weeks,9872.0,6300.0,15470.0,0.0078,0.6939,0.1633,49,"{""R1"": 1.0, ""R2"": 1.0, ""R3"": 0.4583, ""R7"": 0.0}","{""R1"": 2, ""R2"": 21, ""R3"": 24, ""R7"": 2}",R3,0.0269,0.0814,NO CLEAR WINNER,reddit.com,6850.0
66,2,source,Reputation & narratives × Other narratives,Reputation & narratives,Other narratives,,owned,0.000144,Monitor the narrative for drift next cycle.,Citere,cycle,31005.0,31000.0,31010.0,0.0246,0.3077,0.0769,13,"{""R1"": 1.0, ""R3"": 1.0, ""R7"": 0.0, ""R9"": 0.0}","{""R1"": 2, ""R3"": 2, ""R7"": 3, ""R9"": 6}",R9,0.019,0.1762,MYTH DEFENDED,ozempic.com,9540.0
67,2,source,Dosing & administration × Titration & dose schedule,Dosing & administration,Titration & dose schedule,,comp_owned,0.000144,Competitor feeds answers with its own domains — build comparable owned content: Maintain — keep the supportive sources live.,Digital,cycle,23610.0,13000.0,42880.0,0.0188,0.7207,0.3964,111,"{""R1"": 1.0, ""R2"": 0.7778, ""R3"": 0.5676, ""R4"": 1.0, ""R5"": 0.0, ""R6"": 1.0, ""R7"": 0.5, ""R8"": 1.0}","{""R1"": 18, ""R2"": 9, ""R3"": 37, ""R4"": 10, ""R5"": 1, ""R6"": 10, ""R7"": 24, ""R8"": 2}",R3,0.0106,0.1719,PATIENT RETAINED,lilly.com,17016.0
68,2,source,"Price, coverage & supply × Insurance & coverage","Price, coverage & supply",Insurance & coverage,,ugc,0.000143,Prioritize by volume — capture this high-traffic topic ahead of low-volume ones. Biggest reach-per-effort.,Digital,weeks,8198.0,4700.0,14300.0,0.0065,0.8462,0.5192,52,"{""R1"": 1.0, ""R2"": 1.0, ""R3"": 0.8125, ""R7"": 0.7222}","{""R1"": 12, ""R2"": 6, ""R3"": 16, ""R7"": 18}",R7,0.026,0.1491,LOW REACH ON HIGH DEMAND,reddit.com,6937.0
69,2,source,Serious risks & contraindications × Pancreatitis,Serious risks & contraindications,Pancreatitis,,earned,0.000142,No action — legitimate competitor advantage is not a fix target.,Citere,cycle,1196.0,1000.0,1430.0,0.001,0.24,0.04,25,"{""R4"": 0.5455, ""R5"": 0.0, ""R9"": 0.0}","{""R4"": 11, ""R5"": 8, ""R9"": 6}",R4,0.6216,0.2222,COMPETITOR WITHIN LABEL,goodrx.com,287.0
70,2,source,Side effects & tolerability × GI & nausea,Side effects & tolerability,GI & nausea,,owned,0.000135,"Enter the comparison with owned, med-reviewed comparative content.",Digital,weeks,9872.0,6300.0,15470.0,0.0078,0.6939,0.1633,49,"{""R1"": 1.0, ""R2"": 1.0, ""R3"": 0.4583, ""R7"": 0.0}","{""R1"": 2, ""R2"": 21, ""R3"": 24, ""R7"": 2}",R3,0.0248,0.0814,NO CLEAR WINNER,ozempic.com,6850.0
71,2,source,Serious risks & contraindications × Severe GI & gastroparesis,Serious risks & contraindications,Severe GI & gastroparesis,,earned,0.000106,"Publish an owned FAQ / med-reviewed page that states the missing fact plainly, so models have a citable source to complete the answer.",Medical + Digital,weeks,663.0,400.0,1100.0,0.0005,0.4348,0.2609,23,"{""R3"": 0.0, ""R4"": 0.6923, ""R5"": 0.0, ""R9"": 0.1667}","{""R3"": 1, ""R4"": 13, ""R5"": 3, ""R9"": 6}",R4,0.4613,0.1408,INCOMPLETE / OMISSION,drugs.com,288.0
72,2,source,Reputation & narratives × Body-change memes,Reputation & narratives,Body-change memes,,ugc,9.5e-05,Protect the position.,Digital,days,257805.0,216000.0,307700.0,0.2048,0.0625,0.0625,16,"{""R7"": 0.0, ""R9"": 0.1667}","{""R7"": 10, ""R9"": 6}",R7,0.0074,0.1114,REACH OK,facebook.com,16113.0
73,2,source,Dosing & administration × Site & volume,Dosing & administration,Site & volume,,comp_owned,9.1e-05,Competitor feeds answers with its own domains — build comparable owned content: No action — keep this target in the monitoring set for the next cycle.,Digital,cycle,12920.0,12000.0,13910.0,0.0103,0.3889,0.2778,18,"{""R3"": 0.4, ""R4"": 0.0, ""R7"": 0.7143}","{""R3"": 5, ""R4"": 6, ""R7"": 7}",R7,0.0228,0.0358,ANSWERED CORRECTLY,lilly.com,5024.0
74,2,source,Indications & eligibility × Weight loss without diabetes,Indications & eligibility,Weight loss without diabetes,,comp_owned,8.7e-05,Competitor feeds answers with its own domains — build comparable owned content: Strengthen owned + directory presence for this topic so alternatives are less prominent in the retrieved set.,Digital,weeks,66818.0,64000.0,69760.0,0.0531,0.6604,0.2453,53,"{""R1"": 1.0, ""R3"": 0.6, ""R4"": 0.2, ""R5"": 0.75}","{""R1"": 15, ""R3"": 20, ""R4"": 10, ""R5"": 8}",R3,0.0025,0.225,LEAK TO A COMPETITOR,lilly.com,44125.0
75,2,source,"Price, coverage & supply × Insurance & coverage","Price, coverage & supply",Insurance & coverage,,comp_owned,7.9e-05,Competitor feeds answers with its own domains — build comparable owned content: Prioritize by volume — capture this high-traffic topic ahead of low-volume ones. Biggest reach-per-effort.,Digital,weeks,8198.0,4700.0,14300.0,0.0065,0.8462,0.5192,52,"{""R1"": 1.0, ""R2"": 1.0, ""R3"": 0.8125, ""R7"": 0.7222}","{""R1"": 12, ""R2"": 6, ""R3"": 16, ""R7"": 18}",R7,0.0143,0.1491,LOW REACH ON HIGH DEMAND,lilly.com,6937.0
76,2,source,Efficacy & results × STARTING & SWITCHING,Efficacy & results,,STARTING & SWITCHING,owned,6.4e-05,"Build category visibility: directories, health-media placements, source share for this situation.",PR/Comms,weeks,5600.0,3500.0,8960.0,0.0044,0.7535,0.3451,142,"{""R1"": 1.0, ""R2"": 0.7895, ""R3"": 0.55, ""R6"": 0.7222, ""R7"": 0.3158}","{""R1"": 47, ""R2"": 38, ""R3"": 20, ""R6"": 18, ""R7"": 19}",R1,0.0191,0.245,WE ARE ABSENT,ozempic.com,4220.0
77,2,source,Efficacy & results × STARTING & SWITCHING,Efficacy & results,,STARTING & SWITCHING,ugc,6.4e-05,"Build category visibility: directories, health-media placements, source share for this situation.",PR/Comms,weeks,5600.0,3500.0,8960.0,0.0044,0.7535,0.3451,142,"{""R1"": 1.0, ""R2"": 0.7895, ""R3"": 0.55, ""R6"": 0.7222, ""R7"": 0.3158}","{""R1"": 47, ""R2"": 38, ""R3"": 20, ""R6"": 18, ""R7"": 19}",R1,0.019,0.245,WE ARE ABSENT,reddit.com,4220.0
78,2,source,"Dosing & administration × Timing, food & storage",Dosing & administration,"Timing, food & storage",,ugc,5.9e-05,Protect the win: keep the supporting sources fresh and citable.,Digital,days,10583.0,10000.0,11200.0,0.0084,0.4,0.2,35,"{""R2"": 0.4286, ""R3"": 0.5, ""R4"": 0.0, ""R6"": 0.6}","{""R2"": 14, ""R3"": 4, ""R4"": 7, ""R6"": 10}",R2,0.0177,0.176,WE WIN THIS DUEL,reddit.com,4233.0
79,2,source,Serious risks & contraindications × Kidney safety,Serious risks & contraindications,Kidney safety,,earned,5.5e-05,No action — keep this target in the monitoring set for the next cycle.,Citere,cycle,303.0,200.0,460.0,0.0002,0.4651,0.186,43,"{""R1"": 1.0, ""R4"": 0.375, ""R5"": 0.0, ""R6"": 0.5}","{""R1"": 6, ""R4"": 24, ""R5"": 3, ""R6"": 10}",R4,0.4937,0.4525,ANSWERED CORRECTLY,kidney.org,141.0
80,2,source,Dosing & administration × Site & volume,Dosing & administration,Site & volume,,ugc,5.2e-05,No action — keep this target in the monitoring set for the next cycle.,Citere,cycle,12920.0,12000.0,13910.0,0.0103,0.3889,0.2778,18,"{""R3"": 0.4, ""R4"": 0.0, ""R7"": 0.7143}","{""R3"": 5, ""R4"": 6, ""R7"": 7}",R7,0.013,0.0358,ANSWERED CORRECTLY,reddit.com,5024.0
81,2,source,Side effects & tolerability × GI & nausea,Side effects & tolerability,GI & nausea,,comp_owned,4.8e-05,"Competitor feeds answers with its own domains — build comparable owned content: Enter the comparison with owned, med-reviewed comparative content.",Digital,weeks,9872.0,6300.0,15470.0,0.0078,0.6939,0.1633,49,"{""R1"": 1.0, ""R2"": 1.0, ""R3"": 0.4583, ""R7"": 0.0}","{""R1"": 2, ""R2"": 21, ""R3"": 24, ""R7"": 2}",R3,0.0088,0.0814,NO CLEAR WINNER,lilly.com,6850.0
82,2,source,Efficacy & results × LIVING ON THE DRUG,Efficacy & results,,LIVING ON THE DRUG,ugc,4.5e-05,"Build category visibility: directories, health-media placements, source share for this situation.",PR/Comms,weeks,3041.0,2500.0,3700.0,0.0024,1.0,0.5,14,"{""R1"": 1.0, ""R2"": 1.0}","{""R1"": 8, ""R2"": 6}",R1,0.0186,0.2135,WE ARE ABSENT,reddit.com,3041.0
83,2,source,Indications & eligibility × PCOS & off-label,Indications & eligibility,PCOS & off-label,,ugc,3.8e-05,"Move from mention to recommendation with guideline-aligned, comparative content on citable domains.",Medical,months,1490.0,1200.0,1850.0,0.0012,0.7692,0.2308,13,"{""R1"": 1.0, ""R3"": 0.6667, ""R5"": 0.3333}","{""R1"": 7, ""R3"": 3, ""R5"": 3}",R1,0.0415,0.2057,LISTED BUT NOT CHOSEN,reddit.com,1146.0
84,2,source,"Dosing & administration × Timing, food & storage",Dosing & administration,"Timing, food & storage",,comp_owned,3.7e-05,Competitor feeds answers with its own domains — build comparable owned content: Protect the win: keep the supporting sources fresh and citable.,Digital,days,10583.0,10000.0,11200.0,0.0084,0.4,0.2,35,"{""R2"": 0.4286, ""R3"": 0.5, ""R4"": 0.0, ""R6"": 0.6}","{""R2"": 14, ""R3"": 4, ""R4"": 7, ""R6"": 10}",R2,0.0111,0.176,WE WIN THIS DUEL,lilly.com,4233.0
85,2,source,Serious risks & contraindications × Thyroid / MTC,Serious risks & contraindications,Thyroid / MTC,,owned,3e-05,No action — legitimate competitor advantage is not a fix target.,Citere,cycle,4600.0,4000.0,5290.0,0.0037,0.4948,0.134,97,"{""R1"": 1.0, ""R2"": 0.625, ""R3"": 0.6667, ""R4"": 0.4815, ""R5"": 0.0, ""R9"": 0.1667}","{""R1"": 17, ""R2"": 24, ""R3"": 3, ""R4"": 27, ""R5"": 20, ""R9"": 6}",R4,0.0163,0.2964,COMPETITOR WITHIN LABEL,ozempic.com,2276.0
86,1,source,Efficacy & results × LIVING ON THE DRUG,Efficacy & results,,LIVING ON THE DRUG,comp_owned,2.8e-05,"Competitor feeds answers with its own domains — build comparable owned content: Build category visibility: directories, health-media placements, source share for this situation.",Digital,weeks,3041.0,2500.0,3700.0,0.0024,1.0,0.5,14,"{""R1"": 1.0, ""R2"": 1.0}","{""R1"": 8, ""R2"": 6}",R1,0.0116,0.2135,WE ARE ABSENT,lilly.com,3041.0
87,1,source,Serious risks & contraindications × Thyroid / MTC,Serious risks & contraindications,Thyroid / MTC,,ugc,2.6e-05,No action — legitimate competitor advantage is not a fix target.,Citere,cycle,4600.0,4000.0,5290.0,0.0037,0.4948,0.134,97,"{""R1"": 1.0, ""R2"": 0.625, ""R3"": 0.6667, ""R4"": 0.4815, ""R5"": 0.0, ""R9"": 0.1667}","{""R1"": 17, ""R2"": 24, ""R3"": 3, ""R4"": 27, ""R5"": 20, ""R9"": 6}",R4,0.0146,0.2964,COMPETITOR WITHIN LABEL,reddit.com,2276.0
88,1,source,Side effects & tolerability × Fatigue & energy,Side effects & tolerability,Fatigue & energy,,ugc,2.2e-05,"Enter the comparison with owned, med-reviewed comparative content.",Digital,weeks,801.0,600.0,1070.0,0.0006,0.8,0.0,10,"{""R2"": 1.0, ""R3"": 0.6667}","{""R2"": 4, ""R3"": 6}",R3,0.0437,0.0873,NO CLEAR WINNER,reddit.com,641.0
89,1,source,Lifestyle & daily living × LIVING ON THE DRUG,Lifestyle & daily living,,LIVING ON THE DRUG,ugc,2.1e-05,Maintain — keep the supportive sources live.,Citere,cycle,4065.0,2700.0,6120.0,0.0032,0.3,0.0,10,"{""R3"": 0.3}","{""R3"": 10}",R3,0.0214,0.072,PATIENT RETAINED,reddit.com,1220.0
90,1,source,Indications & eligibility × Cardiovascular & renal indication,Indications & eligibility,Cardiovascular & renal indication,,earned,2e-05,Protect message integrity in the source set.,Comms,cycle,98.0,65.0,150.0,0.0001,0.5,0.2692,26,"{""R4"": 0.0, ""R6"": 0.65}","{""R4"": 6, ""R6"": 20}",R6,0.5114,0.4391,MESSAGE DELIVERED,goodrx.com,49.0
91,1,source,Efficacy & results × SAFETY & CONTRAINDICATIONS,Efficacy & results,,SAFETY & CONTRAINDICATIONS,owned,1.7e-05,Protect message integrity in the source set.,Comms,cycle,1514.0,1200.0,1910.0,0.0012,0.6,0.4,15,"{""R1"": 1.0, ""R2"": 1.0, ""R6"": 0.4}","{""R1"": 3, ""R2"": 2, ""R6"": 10}",R6,0.0241,0.3801,MESSAGE DELIVERED,ozempic.com,908.0
92,1,source,Efficacy & results × STARTING & SWITCHING,Efficacy & results,,STARTING & SWITCHING,comp_owned,1.6e-05,"Competitor feeds answers with its own domains — build comparable owned content: Build category visibility: directories, health-media placements, source share for this situation.",Digital,weeks,5600.0,3500.0,8960.0,0.0044,0.7535,0.3451,142,"{""R1"": 1.0, ""R2"": 0.7895, ""R3"": 0.55, ""R6"": 0.7222, ""R7"": 0.3158}","{""R1"": 47, ""R2"": 38, ""R3"": 20, ""R6"": 18, ""R7"": 19}",R1,0.0047,0.245,WE ARE ABSENT,lilly.com,4220.0
93,1,source,Efficacy & results × BLOOD SUGAR & GLYCEMIC CONTROL,Efficacy & results,,BLOOD SUGAR & GLYCEMIC CONTROL,owned,1.6e-05,"Build category visibility: directories, health-media placements, source share for this situation.",PR/Comms,weeks,1031.0,900.0,1180.0,0.0008,0.8276,0.4713,87,"{""R1"": 1.0, ""R2"": 0.84, ""R3"": 0.0, ""R6"": 0.6429, ""R7"": 0.0}","{""R1"": 42, ""R2"": 25, ""R3"": 5, ""R6"": 14, ""R7"": 1}",R1,0.0234,0.2587,WE ARE ABSENT,ozempic.com,853.0
94,1,source,Reputation & narratives × Other narratives,Reputation & narratives,Other narratives,,comp_owned,1.3e-05,Competitor feeds answers with its own domains — build comparable owned content: Monitor the narrative for drift next cycle.,Digital,cycle,31005.0,31000.0,31010.0,0.0246,0.3077,0.0769,13,"{""R1"": 1.0, ""R3"": 1.0, ""R7"": 0.0, ""R9"": 0.0}","{""R1"": 2, ""R3"": 2, ""R7"": 3, ""R9"": 6}",R9,0.0017,0.1762,MYTH DEFENDED,lilly.com,9540.0
95,1,source,Indications & eligibility × PCOS & off-label,Indications & eligibility,PCOS & off-label,,owned,1.3e-05,"Move from mention to recommendation with guideline-aligned, comparative content on citable domains.",Medical,months,1490.0,1200.0,1850.0,0.0012,0.7692,0.2308,13,"{""R1"": 1.0, ""R3"": 0.6667, ""R5"": 0.3333}","{""R1"": 7, ""R3"": 3, ""R5"": 3}",R1,0.0144,0.2057,LISTED BUT NOT CHOSEN,ozempic.com,1146.0
96,1,source,Serious risks & contraindications × Hypoglycemia,Serious risks & contraindications,Hypoglycemia,,earned,1.2e-05,No action — keep this target in the monitoring set for the next cycle.,Citere,cycle,173.0,100.0,300.0,0.0001,0.15,0.05,20,"{""R1"": 1.0, ""R4"": 0.1818, ""R5"": 0.0}","{""R1"": 1, ""R4"": 11, ""R5"": 8}",R4,0.6038,0.3962,ANSWERED CORRECTLY,mayoclinic.org,26.0
97,1,source,Efficacy & results × SAFETY & CONTRAINDICATIONS,Efficacy & results,,SAFETY & CONTRAINDICATIONS,ugc,1.2e-05,Protect message integrity in the source set.,Comms,cycle,1514.0,1200.0,1910.0,0.0012,0.6,0.4,15,"{""R1"": 1.0, ""R2"": 1.0, ""R6"": 0.4}","{""R1"": 3, ""R2"": 2, ""R6"": 10}",R6,0.0168,0.3801,MESSAGE DELIVERED,facebook.com,908.0
98,1,source,Serious risks & contraindications × Thyroid / MTC,Serious risks & contraindications,Thyroid / MTC,,comp_owned,1.2e-05,Competitor feeds answers with its own domains — build comparable owned content: No action — legitimate competitor advantage is not a fix target.,Digital,cycle,4600.0,4000.0,5290.0,0.0037,0.4948,0.134,97,"{""R1"": 1.0, ""R2"": 0.625, ""R3"": 0.6667, ""R4"": 0.4815, ""R5"": 0.0, ""R9"": 0.1667}","{""R1"": 17, ""R2"": 24, ""R3"": 3, ""R4"": 27, ""R5"": 20, ""R9"": 6}",R4,0.0065,0.2964,COMPETITOR WITHIN LABEL,lilly.com,2276.0
99,1,source,Efficacy & results × BLOOD SUGAR & GLYCEMIC CONTROL,Efficacy & results,,BLOOD SUGAR & GLYCEMIC CONTROL,ugc,1.1e-05,"Build category visibility: directories, health-media placements, source share for this situation.",PR/Comms,weeks,1031.0,900.0,1180.0,0.0008,0.8276,0.4713,87,"{""R1"": 1.0, ""R2"": 0.84, ""R3"": 0.0, ""R6"": 0.6429, ""R7"": 0.0}","{""R1"": 42, ""R2"": 25, ""R3"": 5, ""R6"": 14, ""R7"": 1}",R1,0.0162,0.2587,WE ARE ABSENT,reddit.com,853.0
100,1,source,Serious risks & contraindications × Pregnancy & lactation,Serious risks & contraindications,Pregnancy & lactation,,owned,1.1e-05,No action — legitimate competitor advantage is not a fix target.,Citere,cycle,2083.0,1400.0,3100.0,0.0017,0.4419,0.3023,43,"{""R1"": 1.0, ""R2"": 1.0, ""R3"": 0.0, ""R4"": 0.5714, ""R5"": 0.1538, ""R9"": 0.0}","{""R1"": 8, ""R2"": 1, ""R3"": 1, ""R4"": 14, ""R5"": 13, ""R9"": 6}",R4,0.0148,0.2489,COMPETITOR WITHIN LABEL,ozempic.com,920.0
101,1,source,Lifestyle & daily living × STARTING & SWITCHING,Lifestyle & daily living,,STARTING & SWITCHING,ugc,1e-05,Maintain — keep the supportive sources live.,Citere,cycle,4065.0,2700.0,6120.0,0.0032,0.25,0.0,20,"{""R1"": 1.0, ""R3"": 0.2105}","{""R1"": 1, ""R3"": 19}",R3,0.0129,0.0615,PATIENT RETAINED,reddit.com,1016.0
102,1,source,Side effects & tolerability × Fatigue & energy,Side effects & tolerability,Fatigue & energy,,comp_owned,1e-05,"Competitor feeds answers with its own domains — build comparable owned content: Enter the comparison with owned, med-reviewed comparative content.",Digital,weeks,801.0,600.0,1070.0,0.0006,0.8,0.0,10,"{""R2"": 1.0, ""R3"": 0.6667}","{""R2"": 4, ""R3"": 6}",R3,0.0197,0.0873,NO CLEAR WINNER,lilly.com,641.0
103,1,source,Lifestyle & daily living × LIVING ON THE DRUG,Lifestyle & daily living,,LIVING ON THE DRUG,owned,9e-06,Maintain — keep the supportive sources live.,Citere,cycle,4065.0,2700.0,6120.0,0.0032,0.3,0.0,10,"{""R3"": 0.3}","{""R3"": 10}",R3,0.0097,0.072,PATIENT RETAINED,ozempic.com,1220.0
104,1,source,Lifestyle & daily living × STARTING & SWITCHING,Lifestyle & daily living,,STARTING & SWITCHING,owned,9e-06,Maintain — keep the supportive sources live.,Citere,cycle,4065.0,2700.0,6120.0,0.0032,0.25,0.0,20,"{""R1"": 1.0, ""R3"": 0.2105}","{""R1"": 1, ""R3"": 19}",R3,0.0108,0.0615,PATIENT RETAINED,ozempic.com,1016.0
105,1,source,Serious risks & contraindications × Pregnancy & lactation,Serious risks & contraindications,Pregnancy & lactation,,ugc,8e-06,No action — legitimate competitor advantage is not a fix target.,Citere,cycle,2083.0,1400.0,3100.0,0.0017,0.4419,0.3023,43,"{""R1"": 1.0, ""R2"": 1.0, ""R3"": 0.0, ""R4"": 0.5714, ""R5"": 0.1538, ""R9"": 0.0}","{""R1"": 8, ""R2"": 1, ""R3"": 1, ""R4"": 14, ""R5"": 13, ""R9"": 6}",R4,0.0114,0.2489,COMPETITOR WITHIN LABEL,reddit.com,920.0
106,1,source,Serious risks & contraindications × Pancreatitis,Serious risks & contraindications,Pancreatitis,,owned,8e-06,No action — legitimate competitor advantage is not a fix target.,Citere,cycle,1196.0,1000.0,1430.0,0.001,0.24,0.04,25,"{""R4"": 0.5455, ""R5"": 0.0, ""R9"": 0.0}","{""R4"": 11, ""R5"": 8, ""R9"": 6}",R4,0.036,0.2222,COMPETITOR WITHIN LABEL,ozempic.com,287.0
107,1,source,Serious risks & contraindications × Severe GI & gastroparesis,Serious risks & contraindications,Severe GI & gastroparesis,,owned,8e-06,"Publish an owned FAQ / med-reviewed page that states the missing fact plainly, so models have a citable source to complete the answer.",Medical + Digital,weeks,663.0,400.0,1100.0,0.0005,0.4348,0.2609,23,"{""R3"": 0.0, ""R4"": 0.6923, ""R5"": 0.0, ""R9"": 0.1667}","{""R3"": 1, ""R4"": 13, ""R5"": 3, ""R9"": 6}",R4,0.0352,0.1408,INCOMPLETE / OMISSION,ozempic.com,288.0
108,1,source,Reputation & narratives × Forever drug & regain,Reputation & narratives,Forever drug & regain,,ugc,8e-06,"Move from mention to recommendation with guideline-aligned, comparative content on citable domains.",Medical,months,1173.0,800.0,1720.0,0.0009,0.75,0.3333,12,"{""R1"": 1.0, ""R3"": 1.0, ""R9"": 0.5}","{""R1"": 5, ""R3"": 1, ""R9"": 6}",R9,0.011,0.2403,LISTED BUT NOT CHOSEN,reddit.com,880.0
109,1,source,Efficacy & results × BLOOD SUGAR & GLYCEMIC CONTROL,Efficacy & results,,BLOOD SUGAR & GLYCEMIC CONTROL,comp_owned,7e-06,"Competitor feeds answers with its own domains — build comparable owned content: Build category visibility: directories, health-media placements, source share for this situation.",Digital,weeks,1031.0,900.0,1180.0,0.0008,0.8276,0.4713,87,"{""R1"": 1.0, ""R2"": 0.84, ""R3"": 0.0, ""R6"": 0.6429, ""R7"": 0.0}","{""R1"": 42, ""R2"": 25, ""R3"": 5, ""R6"": 14, ""R7"": 1}",R1,0.0106,0.2587,WE ARE ABSENT,lilly.com,853.0
110,1,source,Side effects & tolerability × STARTING & SWITCHING,Side effects & tolerability,,STARTING & SWITCHING,ugc,7e-06,"Enter the comparison with owned, med-reviewed comparative content.",Digital,weeks,365.0,350.0,380.0,0.0003,0.75,0.3125,16,"{""R2"": 0.9167, ""R7"": 0.3333, ""R9"": 0.0}","{""R2"": 12, ""R7"": 3, ""R9"": 1}",R2,0.0308,0.1246,NO CLEAR WINNER,reddit.com,274.0
111,1,source,Side effects & tolerability × STARTING & SWITCHING,Side effects & tolerability,,STARTING & SWITCHING,owned,6e-06,"Enter the comparison with owned, med-reviewed comparative content.",Digital,weeks,365.0,350.0,380.0,0.0003,0.75,0.3125,16,"{""R2"": 0.9167, ""R7"": 0.3333, ""R9"": 0.0}","{""R2"": 12, ""R7"": 3, ""R9"": 1}",R2,0.0266,0.1246,NO CLEAR WINNER,novomedlink.com,274.0
112,1,source,Efficacy & results × LIVING ON THE DRUG,Efficacy & results,,LIVING ON THE DRUG,owned,6e-06,"Build category visibility: directories, health-media placements, source share for this situation.",PR/Comms,weeks,3041.0,2500.0,3700.0,0.0024,1.0,0.5,14,"{""R1"": 1.0, ""R2"": 1.0}","{""R1"": 8, ""R2"": 6}",R1,0.0023,0.2135,WE ARE ABSENT,novonordiskmedical.com,3041.0
113,1,source,Serious risks & contraindications × Kidney safety,Serious risks & contraindications,Kidney safety,,owned,5e-06,No action — keep this target in the monitoring set for the next cycle.,Citere,cycle,303.0,200.0,460.0,0.0002,0.4651,0.186,43,"{""R1"": 1.0, ""R4"": 0.375, ""R5"": 0.0, ""R6"": 0.5}","{""R1"": 6, ""R4"": 24, ""R5"": 3, ""R6"": 10}",R4,0.0475,0.4525,ANSWERED CORRECTLY,novomedlink.com,141.0
114,1,source,Serious risks & contraindications × Vision & retinopathy,Serious risks & contraindications,Vision & retinopathy,,earned,5e-06,Monitor the narrative for drift next cycle.,Citere,cycle,164.0,100.0,270.0,0.0001,0.0769,0.0769,13,"{""R2"": 1.0, ""R4"": 0.0, ""R5"": 0.0, ""R9"": 0.0}","{""R2"": 1, ""R4"": 3, ""R5"": 3, ""R9"": 6}",R9,0.5056,0.2599,MYTH DEFENDED,webmd.com,13.0
115,1,source,Serious risks & contraindications × Surgery & anesthesia,Serious risks & contraindications,Surgery & anesthesia,,ugc,4e-06,"Package these responses into a Regulatory challenge letter quoting the exact label section that is contradicted, and file it with the model provider.",Regulatory,weeks,371.0,300.0,460.0,0.0003,0.8095,0.6667,21,"{""R1"": 1.0, ""R3"": 1.0, ""R4"": 0.9286, ""R5"": 0.0}","{""R1"": 1, ""R3"": 3, ""R4"": 14, ""R5"": 3}",R4,0.0164,0.1421,DANGEROUS LABEL ERROR,reddit.com,300.0
116,1,source,Reputation & narratives × Forever drug & regain,Reputation & narratives,Forever drug & regain,,owned,4e-06,"Move from mention to recommendation with guideline-aligned, comparative content on citable domains.",Medical,months,1173.0,800.0,1720.0,0.0009,0.75,0.3333,12,"{""R1"": 1.0, ""R3"": 1.0, ""R9"": 0.5}","{""R1"": 5, ""R3"": 1, ""R9"": 6}",R9,0.0055,0.2403,LISTED BUT NOT CHOSEN,ozempic.com,880.0
117,1,source,Side effects & tolerability × Fatigue & energy,Side effects & tolerability,Fatigue & energy,,owned,3e-06,"Enter the comparison with owned, med-reviewed comparative content.",Digital,weeks,801.0,600.0,1070.0,0.0006,0.8,0.0,10,"{""R2"": 1.0, ""R3"": 0.6667}","{""R2"": 4, ""R3"": 6}",R3,0.0066,0.0873,NO CLEAR WINNER,novonordiskmedical.com,641.0
118,1,source,Serious risks & contraindications × Surgery & anesthesia,Serious risks & contraindications,Surgery & anesthesia,,owned,3e-06,"Package these responses into a Regulatory challenge letter quoting the exact label section that is contradicted, and file it with the model provider.",Regulatory,weeks,371.0,300.0,460.0,0.0003,0.8095,0.6667,21,"{""R1"": 1.0, ""R3"": 1.0, ""R4"": 0.9286, ""R5"": 0.0}","{""R1"": 1, ""R3"": 3, ""R4"": 14, ""R5"": 3}",R4,0.0109,0.1421,DANGEROUS LABEL ERROR,ozempic.com,300.0
119,1,source,Efficacy & results × SAFETY & CONTRAINDICATIONS,Efficacy & results,,SAFETY & CONTRAINDICATIONS,comp_owned,2e-06,Competitor feeds answers with its own domains — build comparable owned content: Protect message integrity in the source set.,Digital,cycle,1514.0,1200.0,1910.0,0.0012,0.6,0.4,15,"{""R1"": 1.0, ""R2"": 1.0, ""R6"": 0.4}","{""R1"": 3, ""R2"": 2, ""R6"": 10}",R6,0.0031,0.3801,MESSAGE DELIVERED,lilly.com,908.0
120,1,source,Side effects & tolerability × STARTING & SWITCHING,Side effects & tolerability,,STARTING & SWITCHING,comp_owned,2e-06,"Competitor feeds answers with its own domains — build comparable owned content: Enter the comparison with owned, med-reviewed comparative content.",Digital,weeks,365.0,350.0,380.0,0.0003,0.75,0.3125,16,"{""R2"": 0.9167, ""R7"": 0.3333, ""R9"": 0.0}","{""R2"": 12, ""R7"": 3, ""R9"": 1}",R2,0.0084,0.1246,NO CLEAR WINNER,lilly.com,274.0
121,1,source,Serious risks & contraindications × Severe GI & gastroparesis,Serious risks & contraindications,Severe GI & gastroparesis,,ugc,2e-06,"Publish an owned FAQ / med-reviewed page that states the missing fact plainly, so models have a citable source to complete the answer.",Medical + Digital,weeks,663.0,400.0,1100.0,0.0005,0.4348,0.2609,23,"{""R3"": 0.0, ""R4"": 0.6923, ""R5"": 0.0, ""R9"": 0.1667}","{""R3"": 1, ""R4"": 13, ""R5"": 3, ""R9"": 6}",R4,0.007,0.1408,INCOMPLETE / OMISSION,reddit.com,288.0
122,1,source,Indications & eligibility × Cardiovascular & renal indication,Indications & eligibility,Cardiovascular & renal indication,,owned,2e-06,Protect message integrity in the source set.,Comms,cycle,98.0,65.0,150.0,0.0001,0.5,0.2692,26,"{""R4"": 0.0, ""R6"": 0.65}","{""R4"": 6, ""R6"": 20}",R6,0.0403,0.4391,MESSAGE DELIVERED,novomedlink.com,49.0
123,1,source,Serious risks & contraindications × Kidney safety,Serious risks & contraindications,Kidney safety,,ugc,1e-06,No action — keep this target in the monitoring set for the next cycle.,Citere,cycle,303.0,200.0,460.0,0.0002,0.4651,0.186,43,"{""R1"": 1.0, ""R4"": 0.375, ""R5"": 0.0, ""R6"": 0.5}","{""R1"": 6, ""R4"": 24, ""R5"": 3, ""R6"": 10}",R4,0.0063,0.4525,ANSWERED CORRECTLY,reddit.com,141.0
124,1,source,Indications & eligibility × Cardiovascular & renal indication,Indications & eligibility,Cardiovascular & renal indication,,ugc,0.0,Protect message integrity in the source set.,Comms,cycle,98.0,65.0,150.0,0.0001,0.5,0.2692,26,"{""R4"": 0.0, ""R6"": 0.65}","{""R4"": 6, ""R6"": 20}",R6,0.0076,0.4391,MESSAGE DELIVERED,reddit.com,49.0
125,1,source,Serious risks & contraindications × Vision & retinopathy,Serious risks & contraindications,Vision & retinopathy,,owned,0.0,Monitor the narrative for drift next cycle.,Citere,cycle,164.0,100.0,270.0,0.0001,0.0769,0.0769,13,"{""R2"": 1.0, ""R4"": 0.0, ""R5"": 0.0, ""R9"": 0.0}","{""R2"": 1, ""R4"": 3, ""R5"": 3, ""R9"": 6}",R9,0.0282,0.2599,MYTH DEFENDED,ozempic.com,13.0
126,1,source,Serious risks & contraindications × Vision & retinopathy,Serious risks & contraindications,Vision & retinopathy,,comp_owned,0.0,Competitor feeds answers with its own domains — build comparable owned content: Monitor the narrative for drift next cycle.,Digital,cycle,164.0,100.0,270.0,0.0001,0.0769,0.0769,13,"{""R2"": 1.0, ""R4"": 0.0, ""R5"": 0.0, ""R9"": 0.0}","{""R2"": 1, ""R4"": 3, ""R5"": 3, ""R9"": 6}",R9,0.0085,0.2599,MYTH DEFENDED,lilly.com,13.0
127,1,source,Serious risks & contraindications × Vision & retinopathy,Serious risks & contraindications,Vision & retinopathy,,ugc,0.0,Monitor the narrative for drift next cycle.,Citere,cycle,164.0,100.0,270.0,0.0001,0.0769,0.0769,13,"{""R2"": 1.0, ""R4"": 0.0, ""R5"": 0.0, ""R9"": 0.0}","{""R2"": 1, ""R4"": 3, ""R5"": 3, ""R9"": 6}",R9,0.0028,0.2599,MYTH DEFENDED,reddit.com,13.0
1,3,label,Serious risks & contraindications × Allergy & hypersensitivity,Serious risks & contraindications,Allergy & hypersensitivity,,label,0.000339,"Publish an owned FAQ / med-reviewed page that states the missing fact plainly, so models have a citable source to complete the answer.",Medical + Digital,weeks,853.0,700.0,1040.0,0.0007,0.5,0.1875,16,"{""R4"": 0.6154, ""R5"": 0.0}","{""R4"": 13, ""R5"": 3}",R4,,,INCOMPLETE / OMISSION,,426.0
2,2,label,Indications & eligibility × Pediatrics & teens,Indications & eligibility,Pediatrics & teens,,label,0.000275,"Publish an owned FAQ / med-reviewed page that states the missing fact plainly, so models have a citable source to complete the answer.",Medical + Digital,weeks,539.0,300.0,970.0,0.0004,0.6429,0.3571,14,"{""R4"": 0.8, ""R5"": 0.0, ""R8"": 1.0}","{""R4"": 10, ""R5"": 3, ""R8"": 1}",R4,,,INCOMPLETE / OMISSION,,346.0
