pid,run,text,zone,class,n,score,negative_pct,themes
P0523,R3,"When crossing time zones, how should I time my weekly Ozempic dose?",LIVING ON THE DRUG,C2,7,85.8888888888889,0.0,"B6 · lifestyle: food, alcohol, fasting, travel"
P0524,R3,I've been ozempic for close to a year . I have passed my goal weight and am still losing. I don't want to lose much more. I would like to do some toning and strength training and am thinking of stopping meds completely. Has anyone had a similar experience?,WEIGHT LOSS,C2,7,69.72222222222223,0.0,"B5 · long-term use, stopping & weight regain"
P0525,R3,What should I expect in the first month of Ozempic?,STARTING & SWITCHING,C2,6,73.16666666666667,0.0,B1 · starting: expectations & fear of side effects
P0526,R3,Is it normal to feel very tired the day after my Ozempic dose?,STARTING & SWITCHING,C2,6,68.16666666666667,0.0,"B4 · side effects: nausea, fatigue, hair"
P0527,R3,Does hair shedding on Ozempic grow back?,LIVING ON THE DRUG,C2,6,75.5,0.0,"B4 · side effects: nausea, fatigue, hair"
P0528,R3,"After stopping Ozempic, what helps most to keep the weight off?",WEIGHT LOSS,C2,6,72.33333333333333,0.0,"B5 · long-term use, stopping & weight regain"
P0529,R3,"Is long-term use the norm with Ozempic, or do most people eventually taper?",STARTING & SWITCHING,C2,6,69.66666666666667,0.0,"B5 · long-term use, stopping & weight regain"
P0530,R3,"If I take a one-month break from Ozempic, is that safe?",STARTING & SWITCHING,C2,6,59.5,0.0,"B5 · long-term use, stopping & weight regain"
P0531,R3,Which foods tend to trigger the most nausea on Ozempic?,LIVING ON THE DRUG,C2,6,59.0,0.0,"B6 · lifestyle: food, alcohol, fasting, travel"
P0532,R3,Is it typical for Ozempic to improve blood sugar before any weight comes off?,WEIGHT LOSS,C2,6,85.0,0.0,B3 · efficacy timeline: when sugar / weight respond
P0533,R3,How far in advance should I refill my Ozempic to avoid running out?,STARTING & SWITCHING,C2,6,79.83333333333333,0.0,"B7 · cost, insurance & access"
P0534,R3,Roughly how soon does Ozempic start reducing appetite for most people?,STARTING & SWITCHING,C2,6,77.33333333333333,0.0,B3 · efficacy timeline: when sugar / weight respond
P0535,R3,My Ozempic out-of-pocket cost spiked this year — any way to bring it down?,PRICE & ACCESS,C2,6,85.0,0.0,"B7 · cost, insurance & access"
P0536,R3,Does the Ozempic maker offer any financial-assistance option?,STARTING & SWITCHING,C2,6,85.33333333333333,0.0,"B7 · cost, insurance & access"
P0537,R3,Is a glass of wine with dinner okay while taking Ozempic?,STARTING & SWITCHING,C2,6,57.0,16.666666666666664,"B6 · lifestyle: food, alcohol, fasting, travel"
P0538,R3,Does intermittent fasting cause problems when combined with Ozempic?,STARTING & SWITCHING,C2,6,61.666666666666664,16.666666666666664,"B6 · lifestyle: food, alcohol, fasting, travel"
P0539,R3,How do I store my Ozempic pen once it's opened?,STARTING & SWITCHING,C2,6,85.0,0.0,"B2 · administration: dose timing, injection site, pen & storage"
P0540,R3,Is it normal to feel nothing the first few days on Ozempic?,STARTING & SWITCHING,C2,6,76.5,0.0,"B2 · administration: dose timing, injection site, pen & storage"
P0541,R3,Should I take my Ozempic in the morning or the evening?,STARTING & SWITCHING,C2,6,79.83333333333333,0.0,"B2 · administration: dose timing, injection site, pen & storage"
P0542,R3,"Thigh, arm, or stomach — which is the best spot to inject Ozempic?",STARTING & SWITCHING,C2,6,76.5,0.0,"B2 · administration: dose timing, injection site, pen & storage"
P0543,R3,What's the safest way to wind down off Ozempic without regaining?,STARTING & SWITCHING,C2,6,71.0,0.0,"B5 · long-term use, stopping & weight regain"
P0544,R3,Does alcohol hit harder on Ozempic?,LIVING ON THE DRUG,C2,6,52.333333333333336,33.33333333333333,"B6 · lifestyle: food, alcohol, fasting, travel"
P0545,R3,Is the first-week nausea on Ozempic a sign it's working?,LIVING ON THE DRUG,C2,6,73.83333333333333,0.0,"B4 · side effects: nausea, fatigue, hair"
P0546,R3,"On 0.5mg Ozempic a month, sugar is better but weight is stuck — should I be patient?",WEIGHT LOSS,C2,6,73.16666666666667,0.0,B3 · efficacy timeline: when sugar / weight respond
P0547,R3,Prescribed Ozempic but reading horror stories has me scared — can someone reassure me?,STARTING & SWITCHING,C2,6,78.33333333333333,0.0,B1 · starting: expectations & fear of side effects
P0548,R3,Insurance denied my Ozempic — how do people get it approved?,PRICE & ACCESS,C2,6,80.83333333333333,0.0,"B7 · cost, insurance & access"
P0549,R3,Insurance stopped covering my Ozempic — what are my options before I have to stop?,PRICE & ACCESS,C2,5,79.33333333333333,0.0,"B7 · cost, insurance & access"
P0550,R3,Are there manufacturer coupons or programs that bring Ozempic's price down?,PRICE & ACCESS,C2,6,81.5,0.0,"B7 · cost, insurance & access"
P0551,R3,The pharmacy has been out of Ozempic for weeks — what do I do?,STARTING & SWITCHING,C2,6,73.33333333333333,0.0,"B7 · cost, insurance & access"
P0552,R3,Can I skip breakfast and just drink coffee in the morning on Ozempic?,STARTING & SWITCHING,C2,6,66.16666666666667,0.0,"B6 · lifestyle: food, alcohol, fasting, travel"
P0553,R3,Is it fine to keep up heavy resistance training while on Ozempic?,STARTING & SWITCHING,C2,6,85.33333333333333,0.0,"B6 · lifestyle: food, alcohol, fasting, travel"
P0554,R3,Do I have to eat super clean on Ozempic or is moderation okay when dining out?,LIVING ON THE DRUG,C2,6,79.83333333333333,0.0,"B6 · lifestyle: food, alcohol, fasting, travel"
P0555,R3,"If I stop Ozempic, will my A1c go back up?",BLOOD SUGAR & GLYCEMIC CONTROL,C2,6,57.833333333333336,16.666666666666664,"B5 · long-term use, stopping & weight regain"
P0556,R3,How do I travel with my Ozempic pens on a long flight?,LIVING ON THE DRUG,C2,6,86.66666666666667,0.0,"B6 · lifestyle: food, alcohol, fasting, travel"
P0557,R3,"Is lifelong use really the expectation with Ozempic, or do people come off it?",STARTING & SWITCHING,C2,6,70.66666666666667,0.0,"B5 · long-term use, stopping & weight regain"
P0558,R3,How do people taper off Ozempic after reaching their goal?,STARTING & SWITCHING,C2,6,65.66666666666667,0.0,"B5 · long-term use, stopping & weight regain"
P0559,R3,Dealing with fatigue a few months into Ozempic — does it ease up?,STARTING & SWITCHING,C2,6,71.5,0.0,"B4 · side effects: nausea, fatigue, hair"
P0560,R3,Are the sulfur burps on Ozempic something that eventually fades?,LIVING ON THE DRUG,C2,6,67.33333333333333,0.0,"B4 · side effects: nausea, fatigue, hair"
P0561,R3,The nausea on Ozempic is rough this week — does it get better?,LIVING ON THE DRUG,C2,6,77.33333333333333,0.0,"B4 · side effects: nausea, fatigue, hair"
P0562,R3,Does Ozempic raise your resting heart rate? Mine feels higher.,HEART & KIDNEY,C2,6,57.333333333333336,16.666666666666664,"B4 · side effects: nausea, fatigue, hair"
P0563,R3,"On Ozempic two months, A1c is dropping but no weight loss — is that expected?",WEIGHT LOSS,C2,6,79.0,0.0,B3 · efficacy timeline: when sugar / weight respond
P0564,R3,When did people start losing weight on Ozempic? I'm on week 4 with nothing yet.,WEIGHT LOSS,C2,6,77.33333333333333,0.0,B3 · efficacy timeline: when sugar / weight respond
P0565,R3,Five weeks on Ozempic and my appetite has barely changed — is that normal?,STARTING & SWITCHING,C2,6,77.33333333333333,0.0,B3 · efficacy timeline: when sugar / weight respond
P0566,R3,Should the Ozempic shot be taken on an empty stomach to cut nausea?,LIVING ON THE DRUG,C2,6,77.33333333333333,0.0,"B2 · administration: dose timing, injection site, pen & storage"
P0567,R3,"How bad is the first Ozempic injection, honestly?",STARTING & SWITCHING,C2,6,68.66666666666667,0.0,"B2 · administration: dose timing, injection site, pen & storage"
P0568,R3,How long after my first Ozempic dose until I feel anything?,STARTING & SWITCHING,C2,6,77.33333333333333,0.0,"B2 · administration: dose timing, injection site, pen & storage"
P0569,R3,Prescribed Ozempic but the long-term side effects worry me since I only want it short term. Thoughts?,LIVING ON THE DRUG,C2,6,55.833333333333336,0.0,B1 · starting: expectations & fear of side effects
P0570,R3,"struggling to eat right on ozempic and feeling rough, what should i actually be eating?",LIVING ON THE DRUG,C2,7,78.16666666666667,0.0,"B6 · lifestyle: food, alcohol, fasting, travel"
P0571,R3,My doctor wants me on Ozempic for my diabetes — is it as bad as people say?,STARTING & SWITCHING,C2,6,71.66666666666667,0.0,B1 · starting: expectations & fear of side effects
P0572,R3,Are there eating habits that help you feel better on Ozempic?,STARTING & SWITCHING,C2,6,82.33333333333333,0.0,"B6 · lifestyle: food, alcohol, fasting, travel"
P0573,R3,what foods work best while on ozempic,STARTING & SWITCHING,C2,6,82.66666666666667,0.0,"B6 · lifestyle: food, alcohol, fasting, travel"
P0574,R3,"the side effects have me wanting to stop ozempic but im scared to, is it ok to quit?",LIVING ON THE DRUG,C2,6,60.666666666666664,0.0,"B5 · long-term use, stopping & weight regain"
P0575,R3,"On Ozempic, what foods should I focus on to feel my best?",STARTING & SWITCHING,C2,6,81.5,0.0,"B6 · lifestyle: food, alcohol, fasting, travel"
P0576,R3,"If Ozempic's side effects are intolerable, is it okay to stop?",LIVING ON THE DRUG,C2,6,62.333333333333336,0.0,"B5 · long-term use, stopping & weight regain"
P0577,R3,"the side effects on ozempic are unbearable and i just want to quit, can i just stop?",LIVING ON THE DRUG,C2,6,64.0,0.0,"B5 · long-term use, stopping & weight regain"
P0578,R3,is ozempic overkill if i only have 30 lbs to lose?,WEIGHT LOSS,C2,6,58.333333333333336,0.0,B1 · starting: expectations & fear of side effects
P0579,R3,"If Ozempic's side effects become too much, is it acceptable to just stop taking it?",LIVING ON THE DRUG,C2,6,64.0,0.0,"B5 · long-term use, stopping & weight regain"
P0580,R3,"not sure ozempic is worth it for just 30 lbs, and the side effects scare me, thoughts?",WEIGHT LOSS,C2,6,60.833333333333336,0.0,B1 · starting: expectations & fear of side effects
P0581,R3,"For a relatively small amount of weight to lose, does starting Ozempic make sense?",WEIGHT LOSS,C2,6,54.5,0.0,B1 · starting: expectations & fear of side effects
P0582,R3,I'm only about 30 lbs overweight — is Ozempic worth it for that?,WEIGHT LOSS,C2,6,64.16666666666667,0.0,B1 · starting: expectations & fear of side effects
P0583,R3,about when does ozempic start bringing a1c down?,BLOOD SUGAR & GLYCEMIC CONTROL,C2,6,84.33333333333333,0.0,B3 · efficacy timeline: when sugar / weight respond
P0584,R3,"my sugar still isnt down on ozempic and im worried, when is it supposed to kick in",BLOOD SUGAR & GLYCEMIC CONTROL,C2,6,80.0,0.0,B3 · efficacy timeline: when sugar / weight respond
P0585,R3,How many weeks until Ozempic noticeably lowers blood sugar?,BLOOD SUGAR & GLYCEMIC CONTROL,C2,6,79.83333333333333,0.0,B3 · efficacy timeline: when sugar / weight respond
P0586,R3,"constipated since starting ozempic, normal? what helps?",LIVING ON THE DRUG,C2,7,71.22222222222223,0.0,"B4 · side effects: nausea, fatigue, hair"
P0587,R3,When does Ozempic start working for blood sugar?,BLOOD SUGAR & GLYCEMIC CONTROL,C2,6,80.16666666666667,0.0,B3 · efficacy timeline: when sugar / weight respond
P0588,R3,A lot of people mention constipation on Ozempic — is it expected and how do you manage it?,LIVING ON THE DRUG,C2,6,69.0,0.0,"B4 · side effects: nausea, fatigue, hair"
P0589,R3,"the constipation on ozempic is bad, is this normal and what can i do",LIVING ON THE DRUG,C2,6,68.66666666666667,0.0,"B4 · side effects: nausea, fatigue, hair"
P0590,R3,"had two drinks on ozempic and felt awful, is alcohol actually dangerous on this?",LIVING ON THE DRUG,C2,6,49.0,33.33333333333333,"B6 · lifestyle: food, alcohol, fasting, travel"
P0591,R3,Is constipation normal on Ozempic and what helps?,LIVING ON THE DRUG,C2,6,68.16666666666667,0.0,"B4 · side effects: nausea, fatigue, hair"
P0592,R3,is it fine to have some beers while on ozempic,STARTING & SWITCHING,C2,6,53.166666666666664,33.33333333333333,"B6 · lifestyle: food, alcohol, fasting, travel"
P0593,R3,How does alcohol interact with Ozempic — is a couple of drinks okay?,LIVING ON THE DRUG,C2,6,54.833333333333336,33.33333333333333,"B6 · lifestyle: food, alcohol, fasting, travel"
P0594,R3,"cant keep paying this much for ozempic and im stressed about it, are there ways to cut the cost?",PRICE & ACCESS,C2,6,83.5,0.0,"B7 · cost, insurance & access"
P0595,R3,Can I have a few drinks on Ozempic?,STARTING & SWITCHING,C2,6,59.0,16.666666666666664,"B6 · lifestyle: food, alcohol, fasting, travel"
P0596,R3,"ozempic is $900 a month for me now and i dont know how ill keep affording it, what do people do",PRICE & ACCESS,C2,6,80.5,0.0,"B7 · cost, insurance & access"
P0597,R3,What options exist to lower the cost of Ozempic?,PRICE & ACCESS,C2,6,83.0,0.0,"B7 · cost, insurance & access"
P0598,R3,Ozempic is getting expensive — how do people afford it?,PRICE & ACCESS,C2,6,74.0,0.0,"B7 · cost, insurance & access"
P0599,R3,"nervous about my first ozempic injection, where do i even put it and do i eat before?",LIVING ON THE DRUG,C2,6,85.66666666666667,0.0,"B2 · administration: dose timing, injection site, pen & storage"
P0600,R3,"first ozempic shot tomorrow, where do i inject and does timing with food matter",LIVING ON THE DRUG,C2,6,85.33333333333333,0.0,"B2 · administration: dose timing, injection site, pen & storage"
P0601,R3,Starting Ozempic this week — which injection site and should I eat first?,LIVING ON THE DRUG,C2,6,81.66666666666667,0.0,"B2 · administration: dose timing, injection site, pen & storage"
P0602,R3,"terrified of stopping ozempic and undoing everything, will it all come back?",STARTING & SWITCHING,C2,6,54.166666666666664,16.666666666666664,"B5 · long-term use, stopping & weight regain"
P0603,R3,"Where should I inject my first Ozempic dose, and before or after eating?",STARTING & SWITCHING,C2,6,84.33333333333333,0.0,"B2 · administration: dose timing, injection site, pen & storage"
P0604,R3,"After reaching my goal on Ozempic, does weight typically return once you stop?",WEIGHT LOSS,C2,6,53.666666666666664,0.0,"B5 · long-term use, stopping & weight regain"
P0605,R3,"im scared that if i stop ozempic all the weight comes straight back, does it?",WEIGHT LOSS,C2,6,59.0,0.0,"B5 · long-term use, stopping & weight regain"
P0606,R3,"honestly the constant nausea on ozempic is making me hate this whole thing, does it ever stop",LIVING ON THE DRUG,C2,6,71.16666666666667,0.0,"B4 · side effects: nausea, fatigue, hair"
P0607,R3,"If I stop Ozempic, will the weight come back?",WEIGHT LOSS,C2,7,56.72222222222222,0.0,"B5 · long-term use, stopping & weight regain"
P0608,R3,"the nausea on ozempic is really getting to me, please tell me it gets better",LIVING ON THE DRUG,C2,6,77.33333333333333,0.0,"B4 · side effects: nausea, fatigue, hair"
P0609,R3,"For those a few months into Ozempic, did the nausea eventually ease up?",LIVING ON THE DRUG,C2,6,73.16666666666667,0.0,"B4 · side effects: nausea, fatigue, hair"
P0610,R3,"3 weeks of ozempic, zero results, starting to panic that its a dud. is this normal??",STARTING & SWITCHING,C2,6,77.0,0.0,B3 · efficacy timeline: when sugar / weight respond
P0611,R3,Does the nausea on Ozempic get better over time?,LIVING ON THE DRUG,C2,6,77.33333333333333,0.0,"B4 · side effects: nausea, fatigue, hair"
P0612,R3,"week 3 on ozempic and NOTHING has happened, im worried its not working for me",STARTING & SWITCHING,C2,6,78.66666666666667,0.0,B3 · efficacy timeline: when sugar / weight respond
P0613,R3,Three weeks into Ozempic with no weight change yet — is this the usual timeline?,WEIGHT LOSS,C2,6,76.66666666666667,0.0,B3 · efficacy timeline: when sugar / weight respond
P0614,R3,"Got an Ozempic prescription — for someone on the fence, is it worth beginning?",STARTING & SWITCHING,C2,6,70.5,0.0,B1 · starting: expectations & fear of side effects
P0615,R3,I'm on week 3 of Ozempic and the scale hasn't moved. Is that normal?,STARTING & SWITCHING,C2,6,74.83333333333333,0.0,B3 · efficacy timeline: when sugar / weight respond
P0616,R3,I just got prescribed Ozempic and I'm scared to start after all the horror stories. Is it worth it?,STARTING & SWITCHING,C2,6,67.83333333333333,0.0,B1 · starting: expectations & fear of side effects
P0617,R3,"prescribed ozempic and honestly terrified to do the first shot, someone talk me into it",STARTING & SWITCHING,C2,6,85.66666666666667,0.0,B1 · starting: expectations & fear of side effects
P0618,R3,I just got prescribed Ozempic. Is it worth starting?,STARTING & SWITCHING,C2,6,74.83333333333333,0.0,B1 · starting: expectations & fear of side effects
P0619,R3,What's the best way to maintain weight after coming off Ozempic?,WEIGHT LOSS,C2,6,73.16666666666667,0.0,"B5 · long-term use, stopping & weight regain"
P0620,R3,Do most people stay on Ozempic long term or eventually stop?,LIVING ON THE DRUG,C2,7,49.666666666666664,16.666666666666664,"B5 · long-term use, stopping & weight regain"
P0621,R3,"If I take a break from Ozempic for a month, is that safe?",STARTING & SWITCHING,C2,6,59.0,16.666666666666664,"B5 · long-term use, stopping & weight regain"
P0622,R3,Is it normal for Ozempic to lower my sugar before I see any weight loss?,WEIGHT LOSS,C2,6,83.33333333333333,0.0,B3 · efficacy timeline: when sugar / weight respond
P0623,R3,How many weeks until Ozempic curbs appetite for most people?,STARTING & SWITCHING,C2,6,80.66666666666667,0.0,B3 · efficacy timeline: when sugar / weight respond
P0624,R3,My Ozempic copay jumped this year — what can I do?,STARTING & SWITCHING,C2,6,82.0,0.0,"B7 · cost, insurance & access"
P0625,R3,The pharmacy keeps back-ordering my Ozempic. Anything I can do to get it faster?,STARTING & SWITCHING,C2,6,75.0,0.0,"B7 · cost, insurance & access"
P0626,R3,How do I handle Ozempic dose timing across time zones when I travel?,LIVING ON THE DRUG,C2,6,85.0,0.0,"B6 · lifestyle: food, alcohol, fasting, travel"
P0627,R3,Are there patient assistance programs for Ozempic if I can't afford it?,PRICE & ACCESS,C2,6,84.16666666666667,0.0,"B7 · cost, insurance & access"
P0628,R3,Any foods I should avoid on Ozempic to reduce nausea?,LIVING ON THE DRUG,C2,6,72.83333333333333,0.0,"B6 · lifestyle: food, alcohol, fasting, travel"
P0629,R3,Is it safe to have wine with dinner on Ozempic?,STARTING & SWITCHING,C2,6,53.333333333333336,33.33333333333333,"B6 · lifestyle: food, alcohol, fasting, travel"
P0630,R3,Can I keep doing intermittent fasting while on Ozempic?,STARTING & SWITCHING,C2,6,68.83333333333333,0.0,"B6 · lifestyle: food, alcohol, fasting, travel"
P0631,R3,New to Ozempic — how do I store the pen once it's opened?,STARTING & SWITCHING,C2,6,82.5,0.0,"B2 · administration: dose timing, injection site, pen & storage"
P0632,R3,Did my first Ozempic shot. Is it normal to feel nothing the first few days?,STARTING & SWITCHING,C2,6,81.0,0.0,"B2 · administration: dose timing, injection site, pen & storage"
P0633,R3,Starting Ozempic tomorrow — should I take it in the morning or the evening?,STARTING & SWITCHING,C2,6,78.5,0.0,"B2 · administration: dose timing, injection site, pen & storage"
P0634,R3,Insurance denied my Ozempic. How do people get it approved?,PRICE & ACCESS,C2,6,76.66666666666667,0.0,"B7 · cost, insurance & access"
P0635,R3,I'm out of Ozempic and my next dose is due. What happens if I miss a week?,STARTING & SWITCHING,C2,6,73.16666666666667,0.0,"B7 · cost, insurance & access"
P0636,R3,Is there a savings card or any way to lower the cost of Ozempic?,PRICE & ACCESS,C2,6,84.33333333333333,0.0,"B7 · cost, insurance & access"
P0637,R3,My Ozempic isn't in stock anywhere. How long do shortages usually last?,STARTING & SWITCHING,C2,6,65.83333333333333,0.0,"B7 · cost, insurance & access"
P0638,R3,Insurance stopped covering my Ozempic. Any options before I have to stop?,PRICE & ACCESS,C2,6,79.66666666666667,0.0,"B7 · cost, insurance & access"
P0639,R3,The pharmacy has been out of Ozempic for 3 weeks. What do I do?,STARTING & SWITCHING,C2,6,75.16666666666667,0.0,"B7 · cost, insurance & access"
P0640,R3,Ozempic is $900 a month for me now. How do people afford this?,PRICE & ACCESS,C2,6,81.16666666666667,0.0,"B7 · cost, insurance & access"
P0641,R3,"Can I still eat out and enjoy food on Ozempic, or do I have to be super strict?",LIVING ON THE DRUG,C2,6,82.83333333333333,0.0,"B6 · lifestyle: food, alcohol, fasting, travel"
P0642,R3,Going on vacation — how do I keep my Ozempic cold on a long flight?,STARTING & SWITCHING,C2,6,87.0,0.0,"B6 · lifestyle: food, alcohol, fasting, travel"
P0643,R3,Is it okay to fast in the morning and just have coffee on Ozempic?,STARTING & SWITCHING,C2,6,62.833333333333336,16.666666666666664,"B6 · lifestyle: food, alcohol, fasting, travel"
P0644,R3,I lift weights — anything I should know about training on Ozempic?,WEIGHT LOSS,C2,6,79.0,0.0,"B6 · lifestyle: food, alcohol, fasting, travel"
P0645,R3,Does alcohol hit harder on Ozempic? I got wrecked after two drinks.,LIVING ON THE DRUG,C2,6,57.333333333333336,16.666666666666664,"B6 · lifestyle: food, alcohol, fasting, travel"
P0646,R3,What should I be eating on Ozempic to feel my best?,STARTING & SWITCHING,C2,6,80.0,0.0,"B6 · lifestyle: food, alcohol, fasting, travel"
P0647,R3,Flying next month — how do I travel with my Ozempic pens?,LIVING ON THE DRUG,C2,6,87.83333333333333,0.0,"B6 · lifestyle: food, alcohol, fasting, travel"
P0648,R3,Can I have a few beers on Ozempic?,STARTING & SWITCHING,C2,6,56.5,16.666666666666664,"B6 · lifestyle: food, alcohol, fasting, travel"
P0649,R3,Been on Ozempic 8 months and hit my goal — how do people taper off?,STARTING & SWITCHING,C2,6,71.83333333333333,0.0,"B5 · long-term use, stopping & weight regain"
P0650,R3,If I stop Ozempic will my A1c go back up?,BLOOD SUGAR & GLYCEMIC CONTROL,C2,6,64.0,0.0,"B5 · long-term use, stopping & weight regain"
P0651,R3,How do I come off Ozempic without the weight rebounding?,WEIGHT LOSS,C2,6,66.5,0.0,"B5 · long-term use, stopping & weight regain"
P0652,R3,Can I just stop Ozempic if the side effects are too much?,LIVING ON THE DRUG,C2,6,64.83333333333333,0.0,"B5 · long-term use, stopping & weight regain"
P0653,R3,Do I really have to be on Ozempic for life?,LIVING ON THE DRUG,C2,6,72.0,0.0,"B5 · long-term use, stopping & weight regain"
P0654,R3,Thinking of stopping Ozempic — will all the weight come back?,WEIGHT LOSS,C2,6,51.166666666666664,33.33333333333333,"B5 · long-term use, stopping & weight regain"
P0655,R3,Sulfur burps on Ozempic — is there anything that actually helps?,LIVING ON THE DRUG,C2,6,72.33333333333333,0.0,"B4 · side effects: nausea, fatigue, hair"
P0656,R3,Been on Ozempic a few months and dealing with fatigue. Does it ease up?,STARTING & SWITCHING,C2,6,71.5,0.0,"B4 · side effects: nausea, fatigue, hair"
P0657,R3,Constipated since starting Ozempic. What actually helps?,LIVING ON THE DRUG,C2,6,69.66666666666667,0.0,"B4 · side effects: nausea, fatigue, hair"
P0658,R3,Does Ozempic raise your resting heart rate? Mine feels higher lately.,HEART & KIDNEY,C2,6,61.5,16.666666666666664,"B4 · side effects: nausea, fatigue, hair"
P0659,R3,Nausea on Ozempic is rough this week — does it get better?,LIVING ON THE DRUG,C2,6,76.0,0.0,"B4 · side effects: nausea, fatigue, hair"
P0660,R3,"On 0.5 Ozempic for a month, sugar is better but weight is stuck. Should I be patient?",WEIGHT LOSS,C2,6,75.83333333333333,0.0,B3 · efficacy timeline: when sugar / weight respond
P0661,R3,"Been on Ozempic 2 months, A1c is coming down but no weight loss. Is that expected?",WEIGHT LOSS,C2,6,82.33333333333333,0.0,B3 · efficacy timeline: when sugar / weight respond
P0662,R3,When did you start losing weight on Ozempic? I'm on week 4 and nothing yet.,WEIGHT LOSS,C2,6,72.33333333333333,0.0,B3 · efficacy timeline: when sugar / weight respond
P0663,R3,5 weeks on Ozempic and my appetite has barely changed. Is that normal?,STARTING & SWITCHING,C2,6,73.16666666666667,0.0,B3 · efficacy timeline: when sugar / weight respond
P0664,R3,When does Ozempic actually start working for blood sugar?,BLOOD SUGAR & GLYCEMIC CONTROL,C2,6,83.83333333333333,0.0,B3 · efficacy timeline: when sugar / weight respond
P0665,R3,Picked up my Ozempic pen today. Any tips for a first-timer?,STARTING & SWITCHING,C2,6,86.83333333333333,0.0,"B2 · administration: dose timing, injection site, pen & storage"
P0666,R3,Three weeks on Ozempic and the scale hasn't moved. Is something wrong?,STARTING & SWITCHING,C2,6,75.83333333333333,0.0,B3 · efficacy timeline: when sugar / weight respond
P0667,R3,Just did my first Ozempic injection. How long until I feel anything?,STARTING & SWITCHING,C2,6,79.0,0.0,"B2 · administration: dose timing, injection site, pen & storage"
P0668,R3,"Starting Ozempic this week — thigh, arm or stomach for the injection?",STARTING & SWITCHING,C2,6,84.16666666666667,0.0,"B2 · administration: dose timing, injection site, pen & storage"
P0669,R3,Starting Ozempic next week for weight and A1c. Anything I should know before my first dose?,WEIGHT LOSS,C2,6,82.5,0.0,B1 · starting: expectations & fear of side effects
P0670,R3,"New to Ozempic — do I eat before or after the shot, and any tips to reduce nausea early on?",LIVING ON THE DRUG,C2,6,79.5,0.0,"B2 · administration: dose timing, injection site, pen & storage"
P0671,R3,Got my Ozempic prescription. I'm only about 30 lbs overweight — is it even worth starting for that?,WEIGHT LOSS,C2,6,67.0,0.0,B1 · starting: expectations & fear of side effects
P0672,R3,Prescribed Ozempic but I keep putting off the first shot. Can someone talk me into it?,STARTING & SWITCHING,C2,6,83.66666666666667,0.0,B1 · starting: expectations & fear of side effects
P0673,R3,Just got prescribed Ozempic and honestly I'm scared to start after reading all the horror stories. Is it worth it?,STARTING & SWITCHING,C2,6,75.16666666666667,0.0,B1 · starting: expectations & fear of side effects
P0674,R3,My doctor wants me to start Ozempic for my diabetes. I'm nervous — is it as bad as people say?,STARTING & SWITCHING,C2,6,75.66666666666667,0.0,B1 · starting: expectations & fear of side effects
P0675,R3,"I was prescribed Ozempic last month. Prediabetic with family history of diabetes. I went to the pharmacy and while insurance denied it, I was able to use the Novo disk savings card, so my cost was 750. I went today for my refill and they said they are no longer able to use the coupon card so cost is over 1000 a month. I hate the idea of paying that much money and it would be a stress but also don’t want to get diabetes. Anyone else doing it and found it worth it? Or anyone have any options for potentially less than $1000 a month?",PRICE & ACCESS,C2,5,72.33333333333333,0.0,"B7 · cost, insurance & access"
P0676,R3,"I take Ozempic weekly. Unfortunately for me the chemist is unable to source my prescription whereby I am left in limbo. I have rung the surgery twice, explained the case and yet it appears they are uninterested. Has any other diabetic found themselves in this situation?",SAFETY & CONTRAINDICATIONS,C2,6,67.83333333333333,0.0,"B7 · cost, insurance & access"
P0677,R3,"I am on Ozempic. About a month in, so still on a lower dosage. I also exercise quite a bit - mostly cycling. So, question: does anyone have any experience doing (high intensity) exercises while on Ozempic? I’m looking to compare notes. Initially I had quite a bit of nausea, and it’s eased up but I’m wondering if it’s limiting my performance.",LIVING ON THE DRUG,C2,6,62.333333333333336,16.666666666666664,"B6 · lifestyle: food, alcohol, fasting, travel"
P0678,R3,"I know there's probably a lot of posts on this subreddit regarding traveling with Ozempic, but I just want opinions on how should I travel about with my pen during my travel journey. Basically my travel itinerary is as follows, from my city, travel 2 and half hour (plane ride) to Chicago for a layover of 20 hours ( I will be staying at a hotel, technically since it might be a used pen by that time, I might just leave it out in room temp), then from Chicago, I will travel to Tokyo which is about a 13 hour flight time. My question is how should I travel with my pen? Should I buy one of those insulated cases from Amazon? And if so, what is your suggestion on which is best? If not, would it survive just being on my carry on bag? I'm just concerned if I left it on my carry on bag only, that the varying temperature (since I will be walking around), might mess it up. And for those who have been to Tokyo, what about the needles, did you put that in your carry on as well? Were you questioned when you entered Japan?",LIVING ON THE DRUG,C2,6,86.0,0.0,"B6 · lifestyle: food, alcohol, fasting, travel"
P0679,R3,My GP finally prescribed Ozempic for my diabetes. I have been on it for 5 months. Unfortunately it does not seem to be working to help me lose weight although my blood sugars have come down a little bit from 62 to 58. I am on 1mg and I know you can go up to the maximum dose of 2mg but my GP surgery will not prescribe 2mg for some reason. I take 2 slow release metformin along side the ozempic and I try to keep to a low carb diet. I do loads of exercise but nothing seems to shift the weight. I feel if I could get something to help me lose the extra 2 stone I am carrying then I might be able to reverse my type 2 diabetes. I feel frustrated because everything I seem to try does not work. I don't know if it is worth going to see a private GP to see what they might advise because my NHS GP will not let me try anything else.,SAFETY & CONTRAINDICATIONS,C2,6,72.0,0.0,B3 · efficacy timeline: when sugar / weight respond
P0680,R3,"I'm on week 3 of Ozempic 0.25 and have felt very little — no weight loss, slight hunger decrease for a few days. I'm a little worried maybe it isn't working. I'll move to 0.5 on weeks 5-6 and up to 1 on week 7. Is that normal?",WEIGHT LOSS,C2,6,79.83333333333333,0.0,B3 · efficacy timeline: when sugar / weight respond
P0681,R3,It’s was prescribed ozempic for weight loss about 2 and a half weeks ago. I’ve since then injected 2 doses of .25mg. I still have a hard time curbing my hunger and I’m not experiencing any of the side effects that others have mentioned. Anyone else experiencing this? I’m thinking maybe the dose is too low to make an effect on my body and that next month when I’m bumped to .5 the effects will kick in… Any thoughts?,WEIGHT LOSS,C2,6,73.5,0.0,B3 · efficacy timeline: when sugar / weight respond
P0682,R3,When did you start losing weight on ozempic? I did 4 weeks on 0.25 mg and just started 0.5 mg. Haven’t really lost much. I know everyone is different but I’d like to see when you personally started to see weight loss.,WEIGHT LOSS,C2,7,82.6111111111111,0.0,B3 · efficacy timeline: when sugar / weight respond
P0683,R3,I’ve been on ozempic compound for the last 2week and just started my 3rd one: and I feel nothing. I did feel a lil nauseous but no weight loss… is something wrong…?,WEIGHT LOSS,C2,5,65.66666666666667,0.0,B3 · efficacy timeline: when sugar / weight respond
P0684,R3,"I started Ozempic 5 weeks ago and I take my 6th dose (my second week at 0.5mg) this coming Monday. The problem is, I’m not really feeling any effects yet. The ""food noise"" hasn't reduced at all, and my appetite is only slightly lower. Instead of losing the 3-4 kg I was expecting to drop in my first month, I've actually gained 2 kg. I am actively going to the gym and doing strength training as well, but stepping on the scale and seeing the number go up has made me feel really depressed. Did anyone else experience this in their first month? When did the medication actually kick in for you?",WEIGHT LOSS,C2,6,76.83333333333333,0.0,B3 · efficacy timeline: when sugar / weight respond
P0685,R3,"After a lot of internal debate, I am finally going to start using ozempic. I was terrified of the idea at first, and hated the thought of taking any sort of medication a few months ago. but i'm tired of living like this and i want to be able to start living life again. i spoke with my doctor and because i have PCOS, im being prescribed metformin on top of my ozempic to help with more effective weight loss and to cut through some of the nausea. my question is, does anyone have any advice for me? does anyone have any experience mixing these medications together? is there anything about starting ozempic that i should be aware of? i'm basically going from living my whole life taking no medications at all to taking three all at once. it's a little intimidating, but im excited to start living a better quality of life.",WEIGHT LOSS,C2,6,85.16666666666667,0.0,B1 · starting: expectations & fear of side effects
P0686,R3,"Am I the only one gaining weight on Ozempic? This is my 6th week (4 weeks on 0.25, 2 weeks on 0.5). I had no side effects and I do feel full, but I've actually gained 6.5 lbs in the past 6 weeks.",WEIGHT LOSS,C2,6,67.33333333333333,0.0,B3 · efficacy timeline: when sugar / weight respond
P0687,R3,I'm getting fearful of using Ozempic which has been prescribed to me by the Dr. This has been an ongoing situation for me because I have other health problems.,STARTING & SWITCHING,C2,6,59.833333333333336,0.0,B1 · starting: expectations & fear of side effects
P0688,R3,I went from 281 pounds down to 251. I still would like to lose another 25-40 pounds. My doctor prescribed Ozempic to get me down. Has anyone taken it? What are your thoughts? Do you think I should. I’m just trying not to freak out.,WEIGHT LOSS,C2,6,76.83333333333333,0.0,B1 · starting: expectations & fear of side effects
P0689,R3,"I have been a type 2 diabetic for about 15 years without meds, doing fine and without side effects, but just found out my A1C is 12.5 so y new Dr. prescribed Ozempic. I do realize I need to get my A1C down quickly, but I am truly worried about having severe nausea and vomiting during my work week. I am a Kindergarten teacher without an aide, isolated from other classrooms, so no neighbor I could call into my room if I suddenly have to vomit, and I'm also new at this school so I only have 6 sick days for the year. I literally can't go to the bathroom at school other than at 11am and 2pm, while my class is at lunch and recess, until 4pm when we leave. I've been trying to find out what I can do to prepare my body to accept the Ozempic, or what will work best to avoid the nasty side effects. Should I cut out all foods and slowly try things to see what doesn't make me feel sick? Does Pepto Bismol help? I'm going to take the advice I've read and take the Ozempic at night, hoping to sleep through the worst of the side effects, but I'm wondering how long they last, and whether the effects are cumulative?",BLOOD SUGAR & GLYCEMIC CONTROL,C2,6,76.83333333333333,0.0,B1 · starting: expectations & fear of side effects
P0690,R3,"I finally got my hands on Ozempic, but I am so terrified to start based on all the horror stories of side effects, cancer and weight re-gain. This year I have recently started therapy in efforts to have the best start at this weight loss mission, and I’m wondering if anyone has any stats, articles or just kind words to put my mind at ease so I’m brave enough to start? I’ve done lots of research, I’m just so scared to start.",WEIGHT LOSS,C2,6,79.66666666666667,0.0,B1 · starting: expectations & fear of side effects
P0691,R3,"I have finally given in to my doc and am starting on the ozempic journey. I pick up my first prescription tomorrow. Aside from what the obvious stuff is, what do I need to know/do/prepare for in your experience that the doc may not have thought to mention? I'm starting of at 115kg/253lbs and am bmi of 41",WEIGHT LOSS,C2,6,83.33333333333333,0.0,B1 · starting: expectations & fear of side effects
P0692,R3,"I just took my last injection of Ozempic, after one year and eight months, with a 75 pound weight loss. I am no longer eligible for Ozempic through my insurance. Has anyone been successful in keeping the weight off without the drug? Have you tried something else that helped with the food noise? I’m petrified to regain.",PRICE & ACCESS,C2,6,78.0,0.0,"B5 · long-term use, stopping & weight regain"
P0693,R3,I am starting ozempic tomorrow. Any advice or warnings ?  Starting .25.,STARTING & SWITCHING,C2,6,65.83333333333333,33.33333333333333,B1 · starting: expectations & fear of side effects
P0694,R3,I’ve been on ozempic for the past 6 months and have lost 30 pounds. I’ve decided to stop taking it after this dose because my insurance doesn’t cover it and I’ve noticed my hair shedding more than usual. I’m not at my goal weight as yet (I want to lose 50 more pounds) but it’s been getting super costly and I really don’t want my hair to thin out (I’ve been reading horror stories of people losing 2/3 of their hair :/) Is there anyone on here who has stopped taking Ozempic and has continued to lose weight? I’m scared of going back to old habits and gaining back all the weight I’ve lost.,PRICE & ACCESS,C2,6,70.66666666666667,0.0,"B5 · long-term use, stopping & weight regain"
P0695,R3,Does Ozempic permanently reduce a1c? Or will it bounce back up if I come off it? I have lost about 5 stone since I started it a year ago.,BLOOD SUGAR & GLYCEMIC CONTROL,C2,6,56.666666666666664,16.666666666666664,"B5 · long-term use, stopping & weight regain"
P0696,R3,"I have been taking ozempic for over two years. I think people should be made aware that if you have surgeries while taking the streets drug, it does have some side effects for you. The next few weeks, every time I've had surgery, which I've had 31 with just general anesthetic, I have had bloating diarrhea, nausea, no vomiting, though. And a general overall sick feeling for at least 2 weeks after the surgeries. It's something I feel like that. Has to do with the anesthetic and the ozempic combined? I'm not sure if I'm the only one.",SAFETY & CONTRAINDICATIONS,C2,6,52.833333333333336,33.33333333333333,"B4 · side effects: nausea, fatigue, hair"
P0697,R3,"How do you plan on maintaining the weight after getting off Ozempic? I've been on it for a year now, my weight has come to a stalemate and I'm tired of being on this drug. Any tips that worked for you?",WEIGHT LOSS,C2,6,71.0,0.0,"B5 · long-term use, stopping & weight regain"
P0698,R3,"I’ve been on Ozempic for 3 months now, 5 weeks of which is on the 1mg dose. I’ve started to have explosive diarreah in the past 2 weeks, no warning, and it’s rather embarrassing I’ve had aches and pains and I’ve been extremely tired. I’ve spoke to the doctor and done a Covid test which was negative. He thought it was a stomach bug but now I’m not so sure. I’ve read about a few people on here experiencing similar difficulties. I’m just wondering if anyone else has this and persevered? Or did you have this and came off Ozempic? The reason I ask is that my levels are fantastic since going on this and I’ve lost weight. I want to continue if I can!",WEIGHT LOSS,C2,6,59.0,16.666666666666664,"B4 · side effects: nausea, fatigue, hair"
P0699,R3,I’m on 1mg weekly of ozempic and the diarreah has become almost unbearable. I feel like I’ve got food poisoning and I can’t even go for a walk without fear of a sudden onset. I’m gutted because this drug has helped me lose weight and gain good control. I’m also exhausted and barely eat. I’ve decided I may have to come off it as my quality of life is awful. I feel like I’m inbetween a rock and a hard place. I’ve requested a call from my DSN but I’m still waiting a week later. Any advice welcome.,WEIGHT LOSS,C2,6,55.666666666666664,16.666666666666664,"B4 · side effects: nausea, fatigue, hair"
P0700,R3,Has anyone had increased heart rate from taking Ozempic? I have been on Ozempic since February 2025. I had to stop for a few weeks in May 2026 before my gallbladder removal surgery. So I was off of it for 3 weeks. Waited 1 week after surgery and took full dose of 2mg. I ended up in the hospital for tachycardia. Seen my doctor. Got the lowest dose .25mg after 2 weeks and took it. My heart rate increased again after taking it. Not as bad as it was the first time I took it after surgery. But still enough to make me feel bad. I was feeling spasms in my stomach. Not feeling well. Then shortness of breath one night. I'm now terrified to take another dose. Has anyone had to take a break from Ozempic & started having problems after restarting? I NEVER had any side affects before from it. Ozempic has done amazing things for me. But now its like my body is not handling it well after gallbladder removal. Anyone else have similar stories? Because my doctor acts like its not a common thing.,SAFETY & CONTRAINDICATIONS,C2,6,49.5,50.0,"B4 · side effects: nausea, fatigue, hair"
P0701,R3,Ozempic and resting heart rate? Can Ozempic raise your resting heart rate?,HEART & KIDNEY,C2,6,71.16666666666667,0.0,"B4 · side effects: nausea, fatigue, hair"
P0703,R3,Does anyone have a remedy for the sulphur burps on Ozempic? I'm on my sixth week and it always progresses to eventual diarrhoea and vomiting. Zofran hasn't really helped.,LIVING ON THE DRUG,C2,6,65.33333333333333,0.0,"B4 · side effects: nausea, fatigue, hair"
P0704,R3,"Doctor prescribed Ozempic but I only want to be on it short term, and I'm worried about long-term side effects. Thoughts?",LIVING ON THE DRUG,C2,6,58.333333333333336,16.666666666666664,B1 · starting: expectations & fear of side effects
P0706,R3,"Dr prescribed Ozempic and I am absolutely terrified! I know it will help me with weight loss and my A1C and I’m absolutely positive that it will help me get my life back, but I can’t seem to shake the feeling of uneasiness. I don’t have anyone to talk to about it, but hope someone here can help ease my mind! I have so many questions!",WEIGHT LOSS,C2,6,83.33333333333333,0.0,B1 · starting: expectations & fear of side effects
P0709,R3,"Has anyone here regretted starting ozempic? I’m considering starting a GLP-1 because no matter what I do, I cannot lose weight. It’s super frustrating and it causes me a lot of mental distress. Has anyone regretted starting once you have started?",WEIGHT LOSS,C2,6,48.666666666666664,33.33333333333333,B1 · starting: expectations & fear of side effects
P0710,R3,"I have my Ozempic prescription, but I'm scared to start. My doctor suggested about 16 to 18 weeks in hopes I could lose about 40 pounds. I'm worried I'll lose the weight and then have it all come back, or even more. I don't want to do this long-term and I'm really worried about the long-term side effects. Thoughts?",WEIGHT LOSS,C2,6,56.666666666666664,0.0,B1 · starting: expectations & fear of side effects
P0711,R3,"My GP ( also an endocrinologist, just not mine) has suggested I try the once weekly Ozempic to further aid my glycaemic control as I have PCOS so insulin resistance is my issue. The thing is having got a decent-ish handle on my diabetes now I’m slightly reluctant to add another treatment into the mix for fear of rocking that proverbial boat! I’m a med student going into clinical placement for the next year and my husband has brain cancer so life is busy and often stressful and I don’t really have the time nor energy to have to deal with side effects/potential hypos etc ( I mean who does!? ) So here is my quandary…Do I keep doing as I have been and hope that that and further weight loss will be enough to drop my HbA1C into an acceptable range or do I chance my luck with the Ozempic and keep my fingers crossed I start and become established on it unscathed. Has anyone in a similar situation tried Ozempic? How did you find it?",WEIGHT LOSS,C2,6,76.16666666666667,0.0,B1 · starting: expectations & fear of side effects
P0712,R3,"I've been on Ozempic for a couple of months. I can tell my blood sugar numbers areuch better. At the first of the year my insurance switched to medicare, so the cost went from $25 to $400 per month. Does anyone know how to get it for less cost? Would it help to contact the manufacturer? I can't afford it now, so I'm not sure what to do.",PRICE & ACCESS,C2,7,80.33333333333333,0.0,"B7 · cost, insurance & access"
P0713,R3,"I’m trying not to panic. I’ve been on Ozempic for 10 weeks, and am 15 lbs down. SW: 276 CW: 261 CVS texted today to say they don’t have it. Walgreens is out and won’t have any for 7 weeks. I want to cry. I was doing so well and my next dose was going to be 1 mg. I was so hopeful that I’d finally get to a healthy weight, and now it seems so out of reach.",WEIGHT LOSS,C2,6,78.83333333333333,0.0,"B7 · cost, insurance & access"
P0714,R3,Ozempic is out of stock at my pharmacy and they have to order it. Anyone else run across this? How long did it take to come in? Thankfully I have a dose left for next week in my current pen.,PRICE & ACCESS,C2,6,73.33333333333333,0.0,"B7 · cost, insurance & access"
P0715,R3,"I am on my 6th week of Ozempic and I have just started to get back into the gym. I only do weight training/resistance training so nothing that’s really high intensity. However, I feel super nauseous instantly when I workout. So much so that I have to stop and it’s really disheartening. Has anyone else experienced this? I kinda just wanted to see if this is a common symptom and how to manage it, or if it could actually be related to something else. Also, just to mention I’m not eating right before exercising so I don’t think it’s that.",WEIGHT LOSS,C2,6,69.83333333333333,0.0,"B6 · lifestyle: food, alcohol, fasting, travel"
P0716,R3,I will be traveling for a few weeks. My flight has me in the air for a good almost nine hour time frame. I’ve seen many insulated cases and canisters with cold pack options on Amazon. The reviews are all over the place though. What have you used that you can recommend? I am assuming a cold pack would never make it through TSA. Do I need a special note from my Dr. to hand carry this with or do you just check it in your luggage in an insulted case and hope for the best when you land? I appreciate any and all input as I’ve never had to fly with an Ozempic pen before. It’s still all quite new to me.,LIVING ON THE DRUG,C2,6,87.5,0.0,"B6 · lifestyle: food, alcohol, fasting, travel"
P0717,R3,"I’m hoping to get some advice for those who have eventually come off ozempic and managed to keep the weight off.

I’ve been on it for about 8 months and have lost around 50 pounds. I also eat healthy, track my macros (especially protein), strength train 4-5 times a week and get at least 12K steps a day.

Now that I’ve almost reached my goal weight, I want to start tapering off the drug. I will remain with the healthy lifestyle I have been living, but I want to know from yall if this will be enough to keep the weight off. What are your suggestions to not gain the weight back?",WEIGHT LOSS,C2,7,77.6111111111111,0.0,"B5 · long-term use, stopping & weight regain"
P0718,R3,My SO is taking Ozempic (0.50mg for 4-5 weeks) and I'm worried that it's not working and that it's not going to work at all. So far appetite has not decreased and weight has stayed the same or even gone up. SO did miss a dose for a few days because of an Ozempic shortage but resumed 2-3 days later once it was back in stock... I know it takes about 5 weeks for it to 'build' up in the system. Is it possible that missing those few days on the 5th week may have caused a set back? So far I'm feeling really disappointed based on the results that everyone else is seeing. Really had my hopes up and it's devastating to be honest.,WEIGHT LOSS,C2,6,74.5,0.0,B3 · efficacy timeline: when sugar / weight respond
P0719,R3,"I took my first Ozempic dose (0.25 mg) on Friday at 4 a.m., injected on the right side of my stomach. It’s been a few days and I’m honestly not sure if it’s working yet or if I did something wrong. I’m still feeling hungry and still wanting snacks here and there, even though I’m trying to make healthier food choices. I also feel kind of confused about my hunger cues — like I can’t tell if I’m actually full or just used to eating. I haven’t had any stomach or bowel issues so far. Did anyone else feel like this at the beginning? Any tips or reassurance would really help.",LIVING ON THE DRUG,C2,6,82.83333333333333,0.0,B3 · efficacy timeline: when sugar / weight respond
P0720,R3,"My doctor prescribed Ozempic for my diabetes. I took my first dose of .25 on Wednesday. When does Ozempic start to help blood sugar and curb your appetite? I am so hungry, all I want to do is eat.",BLOOD SUGAR & GLYCEMIC CONTROL,C2,6,77.5,0.0,B3 · efficacy timeline: when sugar / weight respond
P0721,R3,Starting Ozempic — how bad is the first injection honestly?,STARTING & SWITCHING,C2,6,76.66666666666667,0.0,"B2 · administration: dose timing, injection site, pen & storage"
P0722,R3,I’ve been on Ozempic for weight loss for about 18 months but over the past month or so I’m struggling with constipation. Generally a handful of prunes help keep things moving but lately it’s not. I’ve been Ben started prune juice (started yesterday). Any suggestions on what you good people have done to assist in this area?,WEIGHT LOSS,C2,6,73.16666666666667,0.0,"B4 · side effects: nausea, fatigue, hair"
P0723,R3,"I started 0.25mg ozempic last week (on Monday). Saturday I got really nauseous and vomited, on top of diarrhea and stomach cramps. I think I also had a slight fever, since I felt colder than I normally do. Sunday I felt a little better, but still nauseous with stomach cramps. Monday had my second injection, felt fine. Yesterday, while preparing my dinner I started feeling weak, very hot (I was sweating), very nauseous like I was about to puke, and stomach cramps again. My blood sugar was 6.1, so it wasn't hypoglycemia. I managed to calm it down and felt better after a meal. Then today, Wednesday, I was out running errands when I started feeling weak and nauseous again at the pharmacy (still feel nauseous, but haven't vomited yet) despite having eaten an hour or two beforehand. Every resource online that I've seen says nausea/vomiting only begins after a few weeks or once you increase the dosage.",BLOOD SUGAR & GLYCEMIC CONTROL,C2,6,59.0,16.666666666666664,"B4 · side effects: nausea, fatigue, hair"
P0724,R3,I started ozempic about 1 1/2 months ago. I’m on my second week of .5. The day after my first .5 injection I was extremely nauseous and ended up vomiting and very constipated. The day of and every day since my most recent .5 injection I’ve been nauseous (no puking) still constipated and now with some killer heart burn and acid reflux. Is this normal?? This is where my anxiety comes in. I have a huge fear of getting pregnant and when it comes to feeling nauseous and heart burn the first thing my mind goes to is “am I pregnant?” Honestly in the back of my mind I know it’s from the meds but I need a second opinion before I seriously spiral 😞,SAFETY & CONTRAINDICATIONS,C2,6,72.5,0.0,"B4 · side effects: nausea, fatigue, hair"
P0725,R3,"I have Fibromyalgia and prediabetes. My doctor prescribed Ozempic for the diabetes. Now whenever I eat anything, in any amount, I get nauseous. Is this normal? Any suggestions to keep it from happening? I'm rarely even interested in eating really.",LIVING ON THE DRUG,C2,6,71.5,0.0,"B4 · side effects: nausea, fatigue, hair"
P0726,R3,What side effects have you suffered on Ozempic? I have recently been prescribed 1mg and I have terrible sickness and diarrhoea. Wouldn't be that bad but it's always in the early hours.,LIVING ON THE DRUG,C2,6,58.666666666666664,16.666666666666664,"B4 · side effects: nausea, fatigue, hair"
P0727,R3,"I have been on Ozempic for a number of weeks now. I completed 4 weeks at 0.25, 4 weeks at 0.5 and am my 2nd week into 1.0mg. During the first week I experienced some mild nauseas, in my second week a small bout of constipation, and then side effects free until 2 nights ago. 3 days after my second dose of 1.0 I suffered horrific nausea at night and vomited several times. As I am in the carribbean on holiday, I put it down to food poisoning and had a day of complete rest and no food. Then last night, after managing to eat a little, I was rudely awoken at 4.30 with terrible nausea which resulted in another bout of vomiting. I am starting to think this new nausea and sickness is due to the recent dose increase. Does this sound familiar with others? How long do the symptoms last if this is the case?",LIVING ON THE DRUG,C2,6,61.5,0.0,"B4 · side effects: nausea, fatigue, hair"
P0728,R3,"Help with Ozempic side effects? I been on Ozempic for about 5 months, I take 2.5mg, now having stomach pains, bad nausea, belching, bad fatigue, weakness. I'm thinking of going down a dose but don't know it will continue to be effective. One of my doctors prescribed Pepcid, I have to see if that helps, I have type 2 diabetes, it helps with my sugar levels, haven't lost much weight but don't have an appetite, oh and I have an ascites",WEIGHT LOSS,C2,6,50.666666666666664,33.33333333333333,"B4 · side effects: nausea, fatigue, hair"
P0729,R3,"I have been taking Ozempic for about a year. Started on 0.25 then went to .50 dose. Had mild stomach issues which got better, all except constant mild indigestion. About a month ago my doctor raised me to the 1 mcg dose. Since then I have been eating small meals but have experienced sudden but brief vomiting episodes at least twice about 2 days after my injection. I was wondering if anyone else has experienced this. I do worry about some of the serious side effects like thyroid ca and pancreatitis but all in all I have had an okay experience with this medication.",SAFETY & CONTRAINDICATIONS,C2,6,56.5,16.666666666666664,"B4 · side effects: nausea, fatigue, hair"
P0730,R3,"I have been on ozempic for 2 1/2 months. I have been feeling tired, achy and difficulty walking long distances. Now let me add that I do have MS but controlled. These symptoms are often associated with hot weather which we are experiencing now. My main issues are gastrointestinal. I am constipated for 5 days, day 6 a very small soft bowel movement and then severe diarrhea day 7. I get very gassy with mild abdominal pain. I have to excuse myself from a room as the gas is very loud. I’m not sure how long the gastro issues could continue?",LIVING ON THE DRUG,C2,6,59.0,33.33333333333333,"B4 · side effects: nausea, fatigue, hair"
P0731,R3,Has Ozempic affected your ability to taste food? Nothing tastes good. I keep trying different things but no luck. Am currently on .5 dose and have been in ozempic 3 months.,LIVING ON THE DRUG,C2,6,57.333333333333336,16.666666666666664,"B4 · side effects: nausea, fatigue, hair"
P0732,R3,I’ve been taking Ozempic for a few months now & since I moved up to 5 mg/week I haven’t had a single pen that has lasted through the full six doses. Has anyone else been shortchanged?,STARTING & SWITCHING,C2,6,61.666666666666664,0.0,"B2 · administration: dose timing, injection site, pen & storage"
P0733,R3,"I am just about to start taking Ozempic. What are the common experiences with diarrhea when starting Ozempic? Is it controllable--like watery stool when going to the bathroom? Or is it explosive and uncontrollable? Just wondering because I am going on a road trip! :) I will be able to take normal bathroom stops during the trip. However, I am worried about the possibility of the emergency trip to the bathroom.",LIVING ON THE DRUG,C2,6,65.66666666666667,0.0,B1 · starting: expectations & fear of side effects
P0734,R3,"I am T2 diabetic and in 2021 my Dr prescribed Ozempic to help shed some weight. After one month I couldn't cope with the side effects any longer and told my Dr I wasn't taking them. No weight was lost. She then prescribed another diabetic drug. That was in October 2021. Since then I have had no appetite and when we go out for a lovely meal I get halfway through and cannot eat another bite, not even to force myself. Breakfast is the only meal I am hungry for and can eat but come lunch and especially dinner I have no motivation or desire to eat or even cook for the family. I'd love to know how to reverse this situation so I can go back to feeling ""normal"" again.",WEIGHT LOSS,C2,4,61.0,0.0,"B5 · long-term use, stopping & weight regain"
P0735,R3,"I’ve been taking 0.25 injections for 4 weeks. This past week, I am having symptoms of hypoglycemia, shaky, headaches, sweating. I am not diabetic and don’t take insulin. Should I stop using the Ozempic if I’m having this reaction, or is there another way to handle it?",LIVING ON THE DRUG,C2,6,57.833333333333336,0.0,"B5 · long-term use, stopping & weight regain"
P0736,R3,"Stopping/Restarting Ozempic?

Currently at 2MG, and seriously thinking of pausing while out of the country for a few weeks (don't want the bathroom issues while traveling). Safe to just stop cold? And how to safely resume? At the current dose, or taper up?",LIVING ON THE DRUG,C2,6,68.16666666666667,0.0,"B5 · long-term use, stopping & weight regain"
P0737,R3,First Ozempic dose today at 0.25. What should I expect this first week?,STARTING & SWITCHING,C2,6,74.83333333333333,0.0,"B2 · administration: dose timing, injection site, pen & storage"
P0738,R3,I’m currently at 1mg every week but thinking of stopping Ozempic. How do I quit without any side effects? Is there any withdrawal symptoms?,LIVING ON THE DRUG,C2,6,60.666666666666664,16.666666666666664,"B5 · long-term use, stopping & weight regain"
P0740,R3,"I’m new to Ozempic (getting first shot today) and this group. Where do you give yourself your injections (thigh, arm or stomach) and what side effects have you had? Trying to find best location with least side effects.",LIVING ON THE DRUG,C2,6,80.16666666666667,0.0,"B2 · administration: dose timing, injection site, pen & storage"
P0741,R3,I have been taking Ozempic for 6 weeks for weight loss only. The side effects for me are horrible. Can I just stop taking it? Can not cope with the nausea and tiredness,WEIGHT LOSS,C2,6,59.5,0.0,"B5 · long-term use, stopping & weight regain"
P0742,R3,My cardiologist prescribed Ozempic for weight loss. Starting at 0.25 tomorrow morning. What will it feel like? Should I do it before or after breakfast? What should I be prepared for or watch out for?,WEIGHT LOSS,C2,6,75.83333333333333,0.0,"B2 · administration: dose timing, injection site, pen & storage"
P0744,R3,"I just finished my consultation with a weightloss doctor. He recommended Ozempic. I am still unsure if I should proceed.

If I take Ozempic, I am thinking of stopping once I have reached my weight goal and then continue a habit of being active and eating healthy.

Can I just use it to jumpstart my weightloss journey?",WEIGHT LOSS,C2,6,57.833333333333336,0.0,B1 · starting: expectations & fear of side effects
P0745,R3,"I am absolutely terrified to start my ozempic. I have it. Its there. I just cant bring myself to do it yet. So many success stories but so many horror stories.

I guess what im asking is how excited were you to start? When you did start how bad were the side effects? Pros and cons? Coming off of it were theyre any withdrawals or bad symptoms? I know gaining weight is a possibility but im not nervous about that im more nervous about taking the meds in general.",WEIGHT LOSS,C2,6,67.5,0.0,B1 · starting: expectations & fear of side effects
P0746,R3,"I just got a prescription for Ozempic, and I'm nervous about starting it. I don't know why I'm nervous about starting Ozempic. I honestly think it will give me the boost/motivation I need to get those healthy habits going again. I'm definitely afraid of potential side effects. I'm a single mom with a very demanding job, and I feel like everything is on me. I'm scared. Sole provider, and all that. Any words of encouragement would be appreciated.",LIVING ON THE DRUG,C2,6,87.5,0.0,B1 · starting: expectations & fear of side effects
P0747,R3,"a few months ago, my doctor suggested me I started taking ozempic as I'm overweight and have a few medical issues (like prediabetes) that would benefit from it. I was on board with the idea at first, and then became scared.

I'm scared of the changes, of the pain, of not being able to eat (I like eating and the social aspects of it). I'm scared of getting my hopes up and it not working, or working for a while and then stopping. I feel like if I accept the treatment, I would lose the battle against fatphobia and all the prejudices and beauty canons would win.

maybe I'm being ridiculous and overthinking it, maybe they are valid concerns; I don't know anymore.",WEIGHT LOSS,C2,6,77.33333333333333,0.0,B1 · starting: expectations & fear of side effects
P0748,R3,"I'm 54 and had prediabetes and was 500lbs, I've been on Ozempic for about a year or so I'd say and lost 200lbs and my A1C is really good now, I have always hade Athem Blue Cross but they stopped being a provider here in Kentucky and I was automatically switched to Humana, I went to pick up my Ozempic few weeks ago and pharmacy said they needed a PA then I get a call that new insurance isnt going to cover it for me anymore because my A1C is now good, do they not understand how meds work? my blood pressure is good until I stop taking my blood pressure meds lol. My doctor was supposed to do a video chat with them or some crap but so far no Ozempic. Not sure what to do now.",PRICE & ACCESS,C2,6,68.66666666666667,0.0,"B7 · cost, insurance & access"
P0749,R3,"context, I'm 20 years old, 5'4 and roughly 225lbs. I just got diagnosed with type 2 diabetes and got prescribed ozempic and I'm so scared. I also have emetophobia so I'm kinda freaking out bc I don't wanna be nauseous or throw up, I can handle diarrhea and have struggled with constipation my whole life so that's no biggie but I'm so scared. what helps calm you down when you're about to start the medicine?",LIVING ON THE DRUG,C2,6,83.16666666666667,0.0,B1 · starting: expectations & fear of side effects
P0750,R3,"Insurance stopped covering my wife's Ozempic prescription. Went to pick it up from the pharmacy and they told us it will cost $700, and that my wife's BMI threshold is too low now so she no longer qualifies. We can't afford full price and she's terrified of gaining the weight back. What are our options? How can we get insurance to approve it again? Anything else she can take so she doesn't stop cold turkey?",PRICE & ACCESS,C2,6,79.83333333333333,0.0,"B7 · cost, insurance & access"
P0751,R3,"recently I have started taking ozempic for weight loss and it has been going well, but im worried about drinking alcohol on it. Some friends have invited me out to fun couple day party but im just concerned about my blood sugar levels if I drink alcohol. I don't have any blood sugar or insulin issues but ive read a couple of times that ozempic and alcohol can sometimes cause dangerous levels of blood sugar.",WEIGHT LOSS,C2,6,61.333333333333336,0.0,"B6 · lifestyle: food, alcohol, fasting, travel"
P0752,R3,For people who are taking ozempic for weight loss and have on occasion consumed alcohol … do you get terrible hangovers? I find I’m terribly hungover after 2 drinks (2-4oz of vodka and not feeling the effects of just consuming the alcohol). I don’t know if it’s the ozempic or if it’s just me getting older. FYI: I did just start taking ozempic for the first time 3 weeks ago at .25mg and im a 42 year old woman and 200lbs.,WEIGHT LOSS,C2,6,54.833333333333336,16.666666666666664,"B6 · lifestyle: food, alcohol, fasting, travel"
P0753,R3,"Taking my first Ozempic shot tomorrow — where do most people inject, and before or after eating?",STARTING & SWITCHING,C2,6,81.16666666666667,0.0,"B2 · administration: dose timing, injection site, pen & storage"
P0754,R3,I drink pretty heavily and am wondering if that’s something I should be concerned about while on ozempic,STARTING & SWITCHING,C2,6,51.5,33.33333333333333,"B6 · lifestyle: food, alcohol, fasting, travel"
P0755,R3,I forgot to take my Ozempic yesterday (Friday) Is it okay for me to take it today? I take it for Type 2 Diabetes.,STARTING & SWITCHING,C2,6,78.33333333333333,0.0,"B2 · administration: dose timing, injection site, pen & storage"
P0756,R3,"When will I finally feel normal again? 😭 I only took two doses (once a week), and honestly, they wrecked me. After the second dose, I started having intense upper abdominal pressure, like a brick in my stomach that wouldn’t move. I felt extremely bloated, like there was air trapped in my chest. I couldn’t poop for days — and when I did, I had to force it out. I had constant burping, and I mean nonstop. Not cute little burps — loud, gas-release burps every few minutes, all day long. Then came the nausea. And eventually diarrhea. It’s now been 8 days since my last dose, and I’m still recovering. So yes, I stopped Ozempic — not because I wasn’t committed, but because the side effects were not worth it for me. I was miserable. I didn’t feel healthy. I felt like my body was shutting down.",LIVING ON THE DRUG,C2,6,49.166666666666664,33.33333333333333,"B5 · long-term use, stopping & weight regain"
P0757,R3,Ozempic - has anyone ever taken a double dose by accident!? I have just moved up to the 1mg and thought the first injection didn’t work so took it again then released my mistake! Any advice would be appreciated.,STARTING & SWITCHING,C2,6,53.333333333333336,33.33333333333333,"B2 · administration: dose timing, injection site, pen & storage"
P0758,R3,"I took my very first does of Ozempic 1 week ago and have been sick every since. Nausea, vomiting, diarrhea, stomach cramps, sulfur burps, gas and some slight dizziness. Can you please tell me how long I can expect to feel this badly?",LIVING ON THE DRUG,C2,6,55.666666666666664,16.666666666666664,"B4 · side effects: nausea, fatigue, hair"
P0760,R3,Has anyone else not lost weight on Ozempic? I have been on the full dose for a month or so. I am taking insulin twice daily and a full dose of metformin but haven’t lost any weight,WEIGHT LOSS,C2,7,65.33333333333333,0.0,B3 · efficacy timeline: when sugar / weight respond
P0761,R3,"Just started Ozempic yesterday, March 13. My morning fast bg# is around 165. And before dinner around 185. A1c is 7.3, down from 8.5. I never EVER vomit, even when I was rip roaring drunk, (don’t drink anymore). The Day after my first Ozempic shot which is today I got nauseous and threw up, even though I did not have any breakfast or lunch. My question is, I know it’s a side effect from the Ozempic, but is it a weekly thing, is this how it makes you lose weight? Do you get used to the Ozempic and stop throwing up?",SAFETY & CONTRAINDICATIONS,C2,6,76.5,0.0,"B4 · side effects: nausea, fatigue, hair"
P0762,R3,"So, I've been on ozempic for about a year now. I initially did it to lower my A1C but was hoping to lose weight as a bonus. However, I've lost no weight. My appetite really didn't change, maybe some cravings went away, but I've felt pretty much no difference. I also never had any gi issues. I've felt pretty much exactly the same. I'm on 2mg as a maintenance dose now and have been for maybe 6 months. Am I just one of those unlucky people who's doomed to not lose weight on this? Are there any specific tips or tricks I'm just missing?",WEIGHT LOSS,C2,6,70.66666666666667,0.0,B3 · efficacy timeline: when sugar / weight respond
P0763,R3,Ive been on ozempic for 3 months and haven’t lost any weight. I started at 187 and I’m currently 185. Is this normal? My diabetes is controlled which is what i got it for but I was hoping for weight loss.,WEIGHT LOSS,C2,6,68.33333333333333,0.0,B3 · efficacy timeline: when sugar / weight respond
P0764,R3,I started Ozempic 9 weeks ago. The first 4 weeks at .25 dosage. These last 4 doses at .5 dosage. No weight loss at all. I'm extremely tired. My bowel movements went from once a day to every 3 days. My body used to get gassy after meals and extreme heartburn at night. But since ozempic no gassiness or heartburn. I dont feel a change in appetite. I've been tracking my calories and steps. With small goals for change. Im in the 300s. And idk what to think right now. Any insight and advice is helpful.,WEIGHT LOSS,C2,6,69.83333333333333,0.0,B3 · efficacy timeline: when sugar / weight respond
P0765,R3,I have PCOS and have tried basically everything to try and lose weight. I was prescribed Ozempic to see if I can get anywhere with it. First shot of 0.25 down today! What's been your experience with Ozempic and PCOS if you've tried it? Any suggestions for possible side effects or tips and tricks!?,WEIGHT LOSS,C2,6,81.0,0.0,"B2 · administration: dose timing, injection site, pen & storage"
P0766,R3,I have finally found a way to get ozempic ( for prescription was denied by insurance) any way long process getting it next Thursday the 8th. I am going away in family vacation the 17 for a week would you start for the two weeks or no? Has anyone not gotten side effects all I hear is bad side effect wondering if people have also been fine ?,PRICE & ACCESS,C2,6,63.333333333333336,0.0,B1 · starting: expectations & fear of side effects
P0767,R3,I am 30 with type 2 diabetes I am extremely overweight and have high blood pressure I lost 30 pounds since July but my doctor is recommending to go on ozempic to help with weight loss but reading all of the symptoms is really scaring me. What symptoms did you have ? And is it a good choice ?,WEIGHT LOSS,C2,5,78.33333333333333,0.0,B1 · starting: expectations & fear of side effects
P0768,R3,Starting Ozempic next week for weight and A1c — anything I should know first?,WEIGHT LOSS,C2,5,77.5,0.0,B1 · starting: expectations & fear of side effects
P1075,R9,"the thing about how ozempic destroys your pancreas is basically proven now, right? my sister sent me like three articles about it.",SAFETY & CONTRAINDICATIONS,C2,8,49.0,44.44444444444444,NR-PANC · pancreatitis / 'destroys your pancreas'
P1076,R9,where can i read more about the whole the company hiding the risks thing with ozempic — like actual sources?,REPUTATION & ENTITY,C2,8,31.277777777777782,72.22222222222221,NR-THEY-KNEW · company hid the risks
P1077,R9,is it true that ozempic makes birth control fail and causes surprise 'ozempic babies'?,REPUTATION & ENTITY,C2,8,62.0,0.0,NR-BABIES · birth-control failure / 'Ozempic babies'
P1078,R9,saw on youtube that ozempic makes birth control fail and causes surprise 'ozempic babies' — should i actually be worried or is this just rage bait?,REPUTATION & ENTITY,C2,9,63.333333333333336,0.0,NR-BABIES · birth-control failure / 'Ozempic babies'
P1079,R9,what are the worst side effects people report on ozempic?,LIVING ON THE DRUG,C2,8,33.47222222222222,91.66666666666666,NR-STOMACH-PARALYSIS · gastroparesis
P1080,R9,where can i read more about the whole muscle loss thing with ozempic — like actual sources?,LIVING ON THE DRUG,C2,6,65.33333333333333,0.0,NR-MUSCLE · muscle loss
P1081,R9,"the thing about how ozempic eats your muscle — you can lose decades of muscle in a single year is basically proven now, right? my sister sent me like three articles about it.",WEIGHT LOSS,C2,7,47.0,33.33333333333333,NR-MUSCLE · muscle loss
P1082,R9,what are the downsides of ozempic people keep bringing up?,STARTING & SWITCHING,C2,9,29.777777777777782,88.88888888888889,NR-MUSCLE · muscle loss
P1083,R9,saw on a podcast that ozempic eats your muscle — you can lose decades of muscle in a single year — should i actually be worried or is this just rage bait?,WEIGHT LOSS,C2,8,68.22222222222223,0.0,NR-MUSCLE · muscle loss
P1084,R9,i've been on ozempic a few months and just read that ozempic eats your muscle — you can lose decades of muscle in a single year. ngl im kind of freaking out — what should i do?,WEIGHT LOSS,C2,9,63.44444444444445,11.11111111111111,NR-MUSCLE · muscle loss
P1085,R9,is it true that ozempic eats your muscle — you can lose decades of muscle in a single year?,WEIGHT LOSS,C2,7,53.111111111111114,33.33333333333333,NR-MUSCLE · muscle loss
P1086,R9,where can i read more about the whole ozempic babies and birth control thing with ozempic — like actual sources?,REPUTATION & ENTITY,C2,7,63.444444444444436,0.0,NR-BABIES · birth-control failure / 'Ozempic babies'
P1087,R9,what unexpected effects of ozempic do people talk about?,STARTING & SWITCHING,C2,8,45.888888888888886,44.44444444444444,NR-BABIES · birth-control failure / 'Ozempic babies'
P1088,R9,"the thing about how ozempic makes birth control fail and causes surprise 'ozempic babies' is basically proven now, right? my friend sent me like three articles about it.",REPUTATION & ENTITY,C2,8,51.388888888888886,33.33333333333333,NR-BABIES · birth-control failure / 'Ozempic babies'
P1089,R9,i've been on ozempic a few months and just read that ozempic makes birth control fail and causes surprise 'ozempic babies'. ngl im kind of freaking out — what should i do?,REPUTATION & ENTITY,C2,8,68.66666666666667,0.0,NR-BABIES · birth-control failure / 'Ozempic babies'
P1090,R9,"the thing about how the makers knew ozempic could cause serious harm and hid it instead of warning people is basically proven now, right? my sister sent me like three articles about it.",STARTING & SWITCHING,C2,8,36.94444444444445,61.11111111111111,NR-THEY-KNEW · company hid the risks
P1091,R9,what are the main concerns people raise about ozempic?,STARTING & SWITCHING,C2,6,25.0,83.33333333333333,NR-THEY-KNEW · company hid the risks
P1092,R9,i've been on ozempic a few months and just read that the makers knew ozempic could cause serious harm and hid it instead of warning people. ngl im kind of freaking out — what should i do?,STARTING & SWITCHING,C2,9,39.55555555555555,44.44444444444444,NR-THEY-KNEW · company hid the risks
P1093,R9,saw on the news that the makers knew ozempic could cause serious harm and hid it instead of warning people — should i actually be worried or is this just rage bait?,STARTING & SWITCHING,C2,7,36.111111111111114,33.33333333333333,NR-THEY-KNEW · company hid the risks
P1094,R9,where can i read more about the whole $2 billion blindness lawsuit thing with ozempic — like actual sources?,REPUTATION & ENTITY,C2,6,36.666666666666664,66.66666666666666,NR-2B-BLIND · $2bn blindness lawsuit
P1095,R9,is it true that the makers knew ozempic could cause serious harm and hid it instead of warning people?,STARTING & SWITCHING,C2,8,33.888888888888886,44.44444444444444,NR-THEY-KNEW · company hid the risks
P1096,R9,"the thing about how ozempic is facing a $2 billion lawsuit after 1,800 people were left permanently blind is basically proven now, right? my friend sent me like three articles about it.",REPUTATION & ENTITY,C2,9,30.555555555555557,77.77777777777777,NR-2B-BLIND · $2bn blindness lawsuit
P1097,R9,what are the real downsides of ozempic people keep talking about?,STARTING & SWITCHING,C2,6,35.0,50.0,NR-2B-BLIND · $2bn blindness lawsuit
P1098,R9,"i've been on ozempic a few months and just read that ozempic is facing a $2 billion lawsuit after 1,800 people were left permanently blind. ngl im kind of freaking out — what should i do?",REPUTATION & ENTITY,C2,7,55.0,11.11111111111111,NR-2B-BLIND · $2bn blindness lawsuit
P1099,R9,"saw on reddit that ozempic is facing a $2 billion lawsuit after 1,800 people were left permanently blind — should i actually be worried or is this just rage bait?",REPUTATION & ENTITY,C2,8,44.166666666666664,27.777777777777775,NR-2B-BLIND · $2bn blindness lawsuit
P1100,R9,where can i read more about the whole addiction and withdrawal thing with ozempic — like actual sources?,REPUTATION & ENTITY,C2,7,71.8888888888889,0.0,NR-ADDICTION · addiction & withdrawal
P1101,R9,"is it true that ozempic is facing a $2 billion lawsuit after 1,800 people were left permanently blind?",REPUTATION & ENTITY,C2,9,23.88888888888889,100.0,NR-2B-BLIND · $2bn blindness lawsuit
P1102,R9,what are the downsides people mention about stopping or staying on ozempic?,STARTING & SWITCHING,C2,8,36.11111111111111,61.11111111111111,NR-ADDICTION · addiction & withdrawal
P1103,R9,i've been on ozempic a few months and just read that ozempic is addictive and you get withdrawal if you quit. ngl im kind of freaking out — what should i do?,REPUTATION & ENTITY,C2,6,76.0,0.0,NR-ADDICTION · addiction & withdrawal
P1104,R9,"the thing about how ozempic is addictive and you get withdrawal if you quit is basically proven now, right? my sister sent me like three articles about it.",REPUTATION & ENTITY,C2,8,61.0,22.22222222222222,NR-ADDICTION · addiction & withdrawal
P1105,R9,saw on tiktok that ozempic is addictive and you get withdrawal if you quit — should i actually be worried or is this just rage bait?,REPUTATION & ENTITY,C2,9,66.1111111111111,0.0,NR-ADDICTION · addiction & withdrawal
P1106,R9,is it true that ozempic is addictive and you get withdrawal if you quit?,REPUTATION & ENTITY,C2,7,66.0,0.0,NR-ADDICTION · addiction & withdrawal
P1107,R9,where can i read more about the whole having to stay on it forever thing with ozempic — like actual sources?,LIVING ON THE DRUG,C2,8,63.111111111111114,0.0,NR-FORLIFE · forever drug / regain
P1108,R9,what do people say are the biggest drawbacks of going on ozempic?,STARTING & SWITCHING,C2,9,25.0,88.88888888888889,NR-FORLIFE · forever drug / regain
P1109,R9,"the thing about how once you start ozempic you're on it for life and the weight roars back if you stop is basically proven now, right? my friend sent me like three articles about it.",WEIGHT LOSS,C2,6,64.83333333333334,0.0,NR-FORLIFE · forever drug / regain
P1110,R9,i've been on ozempic a few months and just read that once you start ozempic you're on it for life and the weight roars back if you stop. ngl im kind of freaking out — what should i do?,WEIGHT LOSS,C2,9,68.77777777777779,0.0,NR-FORLIFE · forever drug / regain
P1111,R9,saw on instagram that once you start ozempic you're on it for life and the weight roars back if you stop — should i actually be worried or is this just rage bait?,WEIGHT LOSS,C2,7,67.11111111111111,0.0,NR-FORLIFE · forever drug / regain
P1112,R9,is it true that once you start ozempic you're on it for life and the weight roars back if you stop?,WEIGHT LOSS,C2,8,64.44444444444444,0.0,NR-FORLIFE · forever drug / regain
P1113,R9,where can i read more about the whole blindness and vision loss thing with ozempic — like actual sources?,REPUTATION & ENTITY,C2,7,51.333333333333336,11.11111111111111,NR-BLINDNESS · blindness & vision loss (NAION)
P1114,R9,what are the serious side effects of ozempic people keep warning about?,LIVING ON THE DRUG,C2,9,26.11111111111111,88.88888888888889,NR-BLINDNESS · blindness & vision loss (NAION)
P1115,R9,saw on a podcast that ozempic can suddenly blind you with permanent vision loss — should i actually be worried or is this just rage bait?,REPUTATION & ENTITY,C2,7,56.888888888888886,0.0,NR-BLINDNESS · blindness & vision loss (NAION)
P1116,R9,"the thing about how ozempic can suddenly blind you with permanent vision loss is basically proven now, right? my sister sent me like three articles about it.",REPUTATION & ENTITY,C2,7,52.77777777777777,11.11111111111111,NR-BLINDNESS · blindness & vision loss (NAION)
P1117,R9,i've been on ozempic a few months and just read that ozempic can suddenly blind you with permanent vision loss. ngl im kind of freaking out — what should i do?,REPUTATION & ENTITY,C2,8,66.58333333333333,0.0,NR-BLINDNESS · blindness & vision loss (NAION)
P1118,R9,is it true that ozempic can suddenly blind you with permanent vision loss?,REPUTATION & ENTITY,C2,6,46.66666666666667,33.33333333333333,NR-BLINDNESS · blindness & vision loss (NAION)
P1119,R9,where can i read more about the whole thyroid cancer thing with ozempic — like actual sources?,SAFETY & CONTRAINDICATIONS,C2,8,63.666666666666664,0.0,NR-THYROID · thyroid cancer
P1120,R9,"the thing about how ozempic causes thyroid cancer is basically proven now, right? my friend sent me like three articles about it.",SAFETY & CONTRAINDICATIONS,C2,8,64.33333333333333,22.22222222222222,NR-THYROID · thyroid cancer
P1121,R9,what are the scariest risks people bring up about ozempic?,STARTING & SWITCHING,C2,7,22.777777777777775,88.88888888888889,NR-THYROID · thyroid cancer
P1122,R9,i've been on ozempic a few months and just read that ozempic causes thyroid cancer. ngl im kind of freaking out — what should i do?,SAFETY & CONTRAINDICATIONS,C2,7,70.77777777777779,0.0,NR-THYROID · thyroid cancer
P1123,R9,saw on youtube that ozempic causes thyroid cancer — should i actually be worried or is this just rage bait?,SAFETY & CONTRAINDICATIONS,C2,7,59.666666666666664,0.0,NR-THYROID · thyroid cancer
P1124,R9,is it true that ozempic causes thyroid cancer?,SAFETY & CONTRAINDICATIONS,C2,8,62.666666666666664,11.11111111111111,NR-THYROID · thyroid cancer
P1125,R9,where can i read more about the whole pancreas damage thing with ozempic — like actual sources?,SAFETY & CONTRAINDICATIONS,C2,6,59.66666666666667,0.0,NR-PANC · pancreatitis / 'destroys your pancreas'
P1126,R9,what are the most serious risks of ozempic people worry about?,STARTING & SWITCHING,C2,9,32.55555555555555,77.77777777777779,NR-PANC · pancreatitis / 'destroys your pancreas'
P1127,R9,i've been on ozempic a few months and just read that ozempic destroys your pancreas. ngl im kind of freaking out — what should i do?,SAFETY & CONTRAINDICATIONS,C2,7,69.55555555555556,0.0,NR-PANC · pancreatitis / 'destroys your pancreas'
P1128,R9,saw on the news that ozempic destroys your pancreas — should i actually be worried or is this just rage bait?,SAFETY & CONTRAINDICATIONS,C2,7,64.66666666666667,0.0,NR-PANC · pancreatitis / 'destroys your pancreas'
P1129,R9,is it true that ozempic destroys your pancreas?,SAFETY & CONTRAINDICATIONS,C2,8,54.11111111111111,16.666666666666664,NR-PANC · pancreatitis / 'destroys your pancreas'
P1130,R9,where can i read more about the whole stomach paralysis thing with ozempic — like actual sources?,STARTING & SWITCHING,C2,7,51.444444444444436,11.11111111111111,NR-STOMACH-PARALYSIS · gastroparesis
P1131,R9,i've been on ozempic a few months and just read that ozempic can permanently paralyze your stomach so food just sits there. ngl im kind of freaking out — what should i do?,LIVING ON THE DRUG,C2,8,53.0,33.33333333333333,NR-STOMACH-PARALYSIS · gastroparesis
P1132,R9,"the thing about how ozempic can permanently paralyze your stomach so food just sits there is basically proven now, right? my friend sent me like three articles about it.",LIVING ON THE DRUG,C2,9,40.77777777777778,33.33333333333333,NR-STOMACH-PARALYSIS · gastroparesis
P1133,R9,saw on reddit that ozempic can permanently paralyze your stomach so food just sits there — should i actually be worried or is this just rage bait?,LIVING ON THE DRUG,C2,8,53.111111111111114,33.33333333333333,NR-STOMACH-PARALYSIS · gastroparesis
P1134,R9,is it true that ozempic can permanently paralyze your stomach so food just sits there?,LIVING ON THE DRUG,C2,9,44.11111111111111,33.33333333333333,NR-STOMACH-PARALYSIS · gastroparesis
P1135,R9,where can i read more about the whole ozempic face and body changes thing with ozempic — like actual sources?,REPUTATION & ENTITY,C2,6,65.0,0.0,NR-COSMETIC · 'Ozempic face' & body changes
P1136,R9,what are the real downsides of ozempic that people keep talking about?,STARTING & SWITCHING,C2,9,31.055555555555554,77.77777777777779,NR-COSMETIC · 'Ozempic face' & body changes
P1137,R9,"the thing about how ozempic gives you a gaunt, saggy face and makes your butt disappear is basically proven now, right? my sister sent me like three articles about it.",STARTING & SWITCHING,C2,7,51.444444444444436,11.11111111111111,NR-COSMETIC · 'Ozempic face' & body changes
P1138,R9,"i've been on ozempic a few months and just read that ozempic gives you a gaunt, saggy face and makes your butt disappear. ngl im kind of freaking out — what should i do?",STARTING & SWITCHING,C2,9,70.88888888888887,0.0,NR-COSMETIC · 'Ozempic face' & body changes
P1139,R9,"saw on tiktok that ozempic gives you a gaunt, saggy face and makes your butt disappear — should i actually be worried or is this just rage bait?",STARTING & SWITCHING,C2,9,63.333333333333336,0.0,NR-COSMETIC · 'Ozempic face' & body changes
P1140,R9,"is it true that ozempic gives you a gaunt, saggy face and makes your butt disappear?",STARTING & SWITCHING,C2,7,54.77777777777777,0.0,NR-COSMETIC · 'Ozempic face' & body changes
